run,ckpt,valset,r_eval,mean_loss,n_tokens
20M_middle_r4_full_lrx0.5_s42,branch40,fwe,1,4.07611,999424
20M_middle_r4_full_lrx0.5_s42,branch40,fwe,2,4.02709,999424
20M_middle_r4_full_lrx0.5_s42,branch40,fwe,3,4.05613,999424
20M_middle_r4_full_lrx0.5_s42,branch40,fwe,4,3.88801,999424
20M_middle_r4_full_lrx0.5_s42,branch40,fwe,5,3.99311,999424
20M_middle_r4_full_lrx0.5_s42,branch40,fwe,6,3.96142,999424
20M_middle_r4_full_lrx0.5_s42,branch40,fwe,7,3.91119,999424
20M_middle_r4_full_lrx0.5_s42,branch40,fwe,8,3.92954,999424
20M_middle_r4_full_lrx0.5_s42,branch40,fwe,9,3.93956,999424
20M_middle_r4_full_lrx0.5_s42,branch40,fwe,10,3.92498,999424
20M_middle_r4_full_lrx0.5_s42,branch40,fwe,12,3.92871,999424
20M_middle_r4_full_lrx0.5_s42,branch40,fwe,16,3.92791,999424
20M_middle_r4_full_lrx0.71_s42,branch40,fwe,1,4.07499,999424
20M_middle_r4_full_lrx0.71_s42,branch40,fwe,2,4.05225,999424
20M_middle_r4_full_lrx0.71_s42,branch40,fwe,3,4.03085,999424
20M_middle_r4_full_lrx0.71_s42,branch40,fwe,4,3.86447,999424
20M_middle_r4_full_lrx0.71_s42,branch40,fwe,5,4.00145,999424
20M_middle_r4_full_lrx0.71_s42,branch40,fwe,6,3.9575,999424
20M_middle_r4_full_lrx0.71_s42,branch40,fwe,7,3.88566,999424
20M_middle_r4_full_lrx0.71_s42,branch40,fwe,8,3.9354,999424
20M_middle_r4_full_lrx0.71_s42,branch40,fwe,9,3.92642,999424
20M_middle_r4_full_lrx0.71_s42,branch40,fwe,10,3.90191,999424
20M_middle_r4_full_lrx0.71_s42,branch40,fwe,12,3.91516,999424
20M_middle_r4_full_lrx0.71_s42,branch40,fwe,16,3.90577,999424
20M_middle_r4_full_lrx1.0_s42,branch40,fwe,1,4.08138,999424
20M_middle_r4_full_lrx1.0_s42,branch40,fwe,2,4.14444,999424
20M_middle_r4_full_lrx1.0_s42,branch40,fwe,3,4.1393,999424
20M_middle_r4_full_lrx1.0_s42,branch40,fwe,4,3.87599,999424
20M_middle_r4_full_lrx1.0_s42,branch40,fwe,5,4.1335,999424
20M_middle_r4_full_lrx1.0_s42,branch40,fwe,6,4.01699,999424
20M_middle_r4_full_lrx1.0_s42,branch40,fwe,7,3.89785,999424
20M_middle_r4_full_lrx1.0_s42,branch40,fwe,8,4.02322,999424
20M_middle_r4_full_lrx1.0_s42,branch40,fwe,9,3.95834,999424
20M_middle_r4_full_lrx1.0_s42,branch40,fwe,10,3.9188,999424
20M_middle_r4_full_lrx1.0_s42,branch40,fwe,12,3.93878,999424
20M_middle_r4_full_lrx1.0_s42,branch40,fwe,16,3.93566,999424
20M_middle_r8_full_lrx0.5_s42,branch40,fwe,1,4.21171,999424
20M_middle_r8_full_lrx0.5_s42,branch40,fwe,2,4.04185,999424
20M_middle_r8_full_lrx0.5_s42,branch40,fwe,3,3.97646,999424
20M_middle_r8_full_lrx0.5_s42,branch40,fwe,4,3.91635,999424
20M_middle_r8_full_lrx0.5_s42,branch40,fwe,5,3.90799,999424
20M_middle_r8_full_lrx0.5_s42,branch40,fwe,6,3.92028,999424
20M_middle_r8_full_lrx0.5_s42,branch40,fwe,7,3.91617,999424
20M_middle_r8_full_lrx0.5_s42,branch40,fwe,8,3.90221,999424
20M_middle_r8_full_lrx0.5_s42,branch40,fwe,9,3.90974,999424
20M_middle_r8_full_lrx0.5_s42,branch40,fwe,10,3.91413,999424
20M_middle_r8_full_lrx0.5_s42,branch40,fwe,12,3.90498,999424
20M_middle_r8_full_lrx0.5_s42,branch40,fwe,16,3.90743,999424
20M_middle_r8_full_lrx0.71_s42,branch40,fwe,1,4.15863,999424
20M_middle_r8_full_lrx0.71_s42,branch40,fwe,2,4.13462,999424
20M_middle_r8_full_lrx0.71_s42,branch40,fwe,3,4.00871,999424
20M_middle_r8_full_lrx0.71_s42,branch40,fwe,4,3.91713,999424
20M_middle_r8_full_lrx0.71_s42,branch40,fwe,5,3.91939,999424
20M_middle_r8_full_lrx0.71_s42,branch40,fwe,6,3.96824,999424
20M_middle_r8_full_lrx0.71_s42,branch40,fwe,7,3.97917,999424
20M_middle_r8_full_lrx0.71_s42,branch40,fwe,8,3.88546,999424
20M_middle_r8_full_lrx0.71_s42,branch40,fwe,9,3.96203,999424
20M_middle_r8_full_lrx0.71_s42,branch40,fwe,10,3.95398,999424
20M_middle_r8_full_lrx0.71_s42,branch40,fwe,12,3.90764,999424
20M_middle_r8_full_lrx0.71_s42,branch40,fwe,16,3.91915,999424
20M_middle_r8_full_lrx1.0_s42,branch40,fwe,1,4.21604,999424
20M_middle_r8_full_lrx1.0_s42,branch40,fwe,2,4.29668,999424
20M_middle_r8_full_lrx1.0_s42,branch40,fwe,3,4.02497,999424
20M_middle_r8_full_lrx1.0_s42,branch40,fwe,4,3.91941,999424
20M_middle_r8_full_lrx1.0_s42,branch40,fwe,5,3.91443,999424
20M_middle_r8_full_lrx1.0_s42,branch40,fwe,6,3.94595,999424
20M_middle_r8_full_lrx1.0_s42,branch40,fwe,7,3.95092,999424
20M_middle_r8_full_lrx1.0_s42,branch40,fwe,8,3.8767,999424
20M_middle_r8_full_lrx1.0_s42,branch40,fwe,9,3.95519,999424
20M_middle_r8_full_lrx1.0_s42,branch40,fwe,10,3.92374,999424
20M_middle_r8_full_lrx1.0_s42,branch40,fwe,12,3.90302,999424
20M_middle_r8_full_lrx1.0_s42,branch40,fwe,16,3.91015,999424
20M_middle_r8_k4_lrx0.5_s42,branch40,fwe,1,4.23344,999424
20M_middle_r8_k4_lrx0.5_s42,branch40,fwe,2,4.05449,999424
20M_middle_r8_k4_lrx0.5_s42,branch40,fwe,3,3.9855,999424
20M_middle_r8_k4_lrx0.5_s42,branch40,fwe,4,3.91443,999424
20M_middle_r8_k4_lrx0.5_s42,branch40,fwe,5,3.90449,999424
20M_middle_r8_k4_lrx0.5_s42,branch40,fwe,6,3.91567,999424
20M_middle_r8_k4_lrx0.5_s42,branch40,fwe,7,3.90887,999424
20M_middle_r8_k4_lrx0.5_s42,branch40,fwe,8,3.89639,999424
20M_middle_r8_k4_lrx0.5_s42,branch40,fwe,9,3.90262,999424
20M_middle_r8_k4_lrx0.5_s42,branch40,fwe,10,3.90748,999424
20M_middle_r8_k4_lrx0.5_s42,branch40,fwe,12,3.89833,999424
20M_middle_r8_k4_lrx0.5_s42,branch40,fwe,16,3.90038,999424
20M_middle_r8_k4_lrx0.71_s42,branch40,fwe,1,4.20472,999424
20M_middle_r8_k4_lrx0.71_s42,branch40,fwe,2,4.23841,999424
20M_middle_r8_k4_lrx0.71_s42,branch40,fwe,3,4.04671,999424
20M_middle_r8_k4_lrx0.71_s42,branch40,fwe,4,3.91706,999424
20M_middle_r8_k4_lrx0.71_s42,branch40,fwe,5,3.9033,999424
20M_middle_r8_k4_lrx0.71_s42,branch40,fwe,6,3.94664,999424
20M_middle_r8_k4_lrx0.71_s42,branch40,fwe,7,3.93794,999424
20M_middle_r8_k4_lrx0.71_s42,branch40,fwe,8,3.88871,999424
20M_middle_r8_k4_lrx0.71_s42,branch40,fwe,9,3.92846,999424
20M_middle_r8_k4_lrx0.71_s42,branch40,fwe,10,3.93253,999424
20M_middle_r8_k4_lrx0.71_s42,branch40,fwe,12,3.89796,999424
20M_middle_r8_k4_lrx0.71_s42,branch40,fwe,16,3.91329,999424
20M_middle_r8_k4_lrx1.0_s42,branch40,fwe,1,4.34858,999424
20M_middle_r8_k4_lrx1.0_s42,branch40,fwe,2,4.29546,999424
20M_middle_r8_k4_lrx1.0_s42,branch40,fwe,3,4.10858,999424
20M_middle_r8_k4_lrx1.0_s42,branch40,fwe,4,3.92938,999424
20M_middle_r8_k4_lrx1.0_s42,branch40,fwe,5,3.90421,999424
20M_middle_r8_k4_lrx1.0_s42,branch40,fwe,6,3.95554,999424
20M_middle_r8_k4_lrx1.0_s42,branch40,fwe,7,3.92725,999424
20M_middle_r8_k4_lrx1.0_s42,branch40,fwe,8,3.87901,999424
20M_middle_r8_k4_lrx1.0_s42,branch40,fwe,9,3.92335,999424
20M_middle_r8_k4_lrx1.0_s42,branch40,fwe,10,3.91281,999424
20M_middle_r8_k4_lrx1.0_s42,branch40,fwe,12,3.88868,999424
20M_middle_r8_k4_lrx1.0_s42,branch40,fwe,16,3.89882,999424
20M_whole_r4_full_lrx0.5_s42,branch40,fwe,1,8.93526,999424
20M_whole_r4_full_lrx0.5_s42,branch40,fwe,2,9.00016,999424
20M_whole_r4_full_lrx0.5_s42,branch40,fwe,3,9.23146,999424
20M_whole_r4_full_lrx0.5_s42,branch40,fwe,4,4.01983,999424
20M_whole_r4_full_lrx0.5_s42,branch40,fwe,5,7.99239,999424
20M_whole_r4_full_lrx0.5_s42,branch40,fwe,6,6.93707,999424
20M_whole_r4_full_lrx0.5_s42,branch40,fwe,7,6.73323,999424
20M_whole_r4_full_lrx0.5_s42,branch40,fwe,8,6.79947,999424
20M_whole_r4_full_lrx0.5_s42,branch40,fwe,9,6.63531,999424
20M_whole_r4_full_lrx0.5_s42,branch40,fwe,10,6.55567,999424
20M_whole_r4_full_lrx0.5_s42,branch40,fwe,12,6.74434,999424
20M_whole_r4_full_lrx0.5_s42,branch40,fwe,16,6.76663,999424
20M_whole_r4_full_lrx0.71_s42,branch40,fwe,1,8.60004,999424
20M_whole_r4_full_lrx0.71_s42,branch40,fwe,2,8.93073,999424
20M_whole_r4_full_lrx0.71_s42,branch40,fwe,3,8.8981,999424
20M_whole_r4_full_lrx0.71_s42,branch40,fwe,4,4.04816,999424
20M_whole_r4_full_lrx0.71_s42,branch40,fwe,5,8.4169,999424
20M_whole_r4_full_lrx0.71_s42,branch40,fwe,6,7.35495,999424
20M_whole_r4_full_lrx0.71_s42,branch40,fwe,7,6.94393,999424
20M_whole_r4_full_lrx0.71_s42,branch40,fwe,8,7.04081,999424
20M_whole_r4_full_lrx0.71_s42,branch40,fwe,9,6.79351,999424
20M_whole_r4_full_lrx0.71_s42,branch40,fwe,10,6.68243,999424
20M_whole_r4_full_lrx0.71_s42,branch40,fwe,12,6.72522,999424
20M_whole_r4_full_lrx0.71_s42,branch40,fwe,16,6.84069,999424
20M_whole_r4_full_lrx1.0_s42,branch40,fwe,1,8.62354,999424
20M_whole_r4_full_lrx1.0_s42,branch40,fwe,2,8.67157,999424
20M_whole_r4_full_lrx1.0_s42,branch40,fwe,3,9.19343,999424
20M_whole_r4_full_lrx1.0_s42,branch40,fwe,4,4.02563,999424
20M_whole_r4_full_lrx1.0_s42,branch40,fwe,5,8.926,999424
20M_whole_r4_full_lrx1.0_s42,branch40,fwe,6,8.14865,999424
20M_whole_r4_full_lrx1.0_s42,branch40,fwe,7,7.52393,999424
20M_whole_r4_full_lrx1.0_s42,branch40,fwe,8,7.57167,999424
20M_whole_r4_full_lrx1.0_s42,branch40,fwe,9,7.4928,999424
20M_whole_r4_full_lrx1.0_s42,branch40,fwe,10,7.31779,999424
20M_whole_r4_full_lrx1.0_s42,branch40,fwe,12,7.35701,999424
20M_whole_r4_full_lrx1.0_s42,branch40,fwe,16,7.38629,999424
20M_whole_r8_full_lrx0.5_s42,branch40,fwe,1,6.16663,999424
20M_whole_r8_full_lrx0.5_s42,branch40,fwe,2,5.78176,999424
20M_whole_r8_full_lrx0.5_s42,branch40,fwe,3,5.06174,999424
20M_whole_r8_full_lrx0.5_s42,branch40,fwe,4,4.63165,999424
20M_whole_r8_full_lrx0.5_s42,branch40,fwe,5,4.71685,999424
20M_whole_r8_full_lrx0.5_s42,branch40,fwe,6,4.83691,999424
20M_whole_r8_full_lrx0.5_s42,branch40,fwe,7,4.96746,999424
20M_whole_r8_full_lrx0.5_s42,branch40,fwe,8,3.84516,999424
20M_whole_r8_full_lrx0.5_s42,branch40,fwe,9,4.70636,999424
20M_whole_r8_full_lrx0.5_s42,branch40,fwe,10,4.42739,999424
20M_whole_r8_full_lrx0.5_s42,branch40,fwe,12,4.08151,999424
20M_whole_r8_full_lrx0.5_s42,branch40,fwe,16,4.15877,999424
20M_whole_r8_full_lrx0.71_s42,branch40,fwe,1,5.60566,999424
20M_whole_r8_full_lrx0.71_s42,branch40,fwe,2,5.26668,999424
20M_whole_r8_full_lrx0.71_s42,branch40,fwe,3,4.86908,999424
20M_whole_r8_full_lrx0.71_s42,branch40,fwe,4,4.78201,999424
20M_whole_r8_full_lrx0.71_s42,branch40,fwe,5,4.61151,999424
20M_whole_r8_full_lrx0.71_s42,branch40,fwe,6,4.64756,999424
20M_whole_r8_full_lrx0.71_s42,branch40,fwe,7,4.74062,999424
20M_whole_r8_full_lrx0.71_s42,branch40,fwe,8,3.79141,999424
20M_whole_r8_full_lrx0.71_s42,branch40,fwe,9,4.74418,999424
20M_whole_r8_full_lrx0.71_s42,branch40,fwe,10,4.75784,999424
20M_whole_r8_full_lrx0.71_s42,branch40,fwe,12,4.08188,999424
20M_whole_r8_full_lrx0.71_s42,branch40,fwe,16,4.15314,999424
20M_whole_r8_full_lrx1.0_s42,branch40,fwe,1,7.88423,999424
20M_whole_r8_full_lrx1.0_s42,branch40,fwe,2,9.17338,999424
20M_whole_r8_full_lrx1.0_s42,branch40,fwe,3,7.32771,999424
20M_whole_r8_full_lrx1.0_s42,branch40,fwe,4,6.8341,999424
20M_whole_r8_full_lrx1.0_s42,branch40,fwe,5,7.46793,999424
20M_whole_r8_full_lrx1.0_s42,branch40,fwe,6,5.96989,999424
20M_whole_r8_full_lrx1.0_s42,branch40,fwe,7,5.28074,999424
20M_whole_r8_full_lrx1.0_s42,branch40,fwe,8,3.80195,999424
20M_whole_r8_full_lrx1.0_s42,branch40,fwe,9,4.6213,999424
20M_whole_r8_full_lrx1.0_s42,branch40,fwe,10,4.46042,999424
20M_whole_r8_full_lrx1.0_s42,branch40,fwe,12,4.20867,999424
20M_whole_r8_full_lrx1.0_s42,branch40,fwe,16,4.19428,999424
20M_whole_r8_k4_lrx0.5_s42,branch40,fwe,1,5.31896,999424
20M_whole_r8_k4_lrx0.5_s42,branch40,fwe,2,4.90385,999424
20M_whole_r8_k4_lrx0.5_s42,branch40,fwe,3,4.40996,999424
20M_whole_r8_k4_lrx0.5_s42,branch40,fwe,4,3.94098,999424
20M_whole_r8_k4_lrx0.5_s42,branch40,fwe,5,4.0434,999424
20M_whole_r8_k4_lrx0.5_s42,branch40,fwe,6,4.20584,999424
20M_whole_r8_k4_lrx0.5_s42,branch40,fwe,7,4.19759,999424
20M_whole_r8_k4_lrx0.5_s42,branch40,fwe,8,3.82681,999424
20M_whole_r8_k4_lrx0.5_s42,branch40,fwe,9,4.41756,999424
20M_whole_r8_k4_lrx0.5_s42,branch40,fwe,10,4.12109,999424
20M_whole_r8_k4_lrx0.5_s42,branch40,fwe,12,3.86793,999424
20M_whole_r8_k4_lrx0.5_s42,branch40,fwe,16,4.16639,999424
20M_whole_r8_k4_lrx0.71_s42,branch40,fwe,1,5.1049,999424
20M_whole_r8_k4_lrx0.71_s42,branch40,fwe,2,4.78796,999424
20M_whole_r8_k4_lrx0.71_s42,branch40,fwe,3,4.34584,999424
20M_whole_r8_k4_lrx0.71_s42,branch40,fwe,4,3.89431,999424
20M_whole_r8_k4_lrx0.71_s42,branch40,fwe,5,4.06508,999424
20M_whole_r8_k4_lrx0.71_s42,branch40,fwe,6,4.15191,999424
20M_whole_r8_k4_lrx0.71_s42,branch40,fwe,7,4.11823,999424
20M_whole_r8_k4_lrx0.71_s42,branch40,fwe,8,3.80876,999424
20M_whole_r8_k4_lrx0.71_s42,branch40,fwe,9,4.20791,999424
20M_whole_r8_k4_lrx0.71_s42,branch40,fwe,10,4.1665,999424
20M_whole_r8_k4_lrx0.71_s42,branch40,fwe,12,3.83402,999424
20M_whole_r8_k4_lrx0.71_s42,branch40,fwe,16,3.97689,999424
20M_whole_r8_k4_lrx1.0_s42,branch40,fwe,1,5.33174,999424
20M_whole_r8_k4_lrx1.0_s42,branch40,fwe,2,4.78544,999424
20M_whole_r8_k4_lrx1.0_s42,branch40,fwe,3,4.51733,999424
20M_whole_r8_k4_lrx1.0_s42,branch40,fwe,4,3.90283,999424
20M_whole_r8_k4_lrx1.0_s42,branch40,fwe,5,3.97226,999424
20M_whole_r8_k4_lrx1.0_s42,branch40,fwe,6,4.14129,999424
20M_whole_r8_k4_lrx1.0_s42,branch40,fwe,7,4.08192,999424
20M_whole_r8_k4_lrx1.0_s42,branch40,fwe,8,3.79111,999424
20M_whole_r8_k4_lrx1.0_s42,branch40,fwe,9,4.16153,999424
20M_whole_r8_k4_lrx1.0_s42,branch40,fwe,10,4.23462,999424
20M_whole_r8_k4_lrx1.0_s42,branch40,fwe,12,3.8144,999424
20M_whole_r8_k4_lrx1.0_s42,branch40,fwe,16,3.90753,999424
