rung,cell,seed,mult,rho,looped,dense_equal_tokens,dense_equal_flops,dense_equiv_mult,extrapolated,gap_token,gap_flop
10M,middle_r2,42,10.0,1.39,3.9674014623094624,3.8689,3.7702,13.9,False,0.0985,0.1972
10M,middle_r2,42,20.0,1.39,3.7224652979096,3.6623,3.6003,27.9,False,0.0601,0.1221
10M,middle_r2,42,40.0,1.39,3.567710549608538,3.5326,3.4878,55.7,False,0.0351,0.0799
10M,middle_r4,42,10.0,2.16,3.950993915188954,3.8689,3.648,21.6,False,0.0821,0.303
10M,middle_r4,42,20.0,2.16,3.706071085100571,3.6623,3.5223,43.2,False,0.0437,0.1838
10M,middle_r4,42,40.0,2.16,3.5476426469261138,3.5326,3.4314,86.3,False,0.015,0.1163
10M,middle_r4,42,80.0,2.16,3.4287704584922176,3.4388,3.3641,172.7,True,-0.01,0.0646
10M,middle_r4,42,160.0,2.16,3.334481356252741,3.3715,3.2969,345.4,True,-0.0371,0.0376
10M,middle_r4_k2,42,10.0,1.65,3.95287527057163,3.8689,3.72,16.5,False,0.0839,0.2329
10M,middle_r4_k2,42,20.0,1.65,3.710695682017665,3.6623,3.5688,33.0,False,0.0484,0.1419
10M,middle_r4_k2,42,40.0,1.65,3.556640101033815,3.5326,3.465,65.9,False,0.024,0.0916
10M,middle_r8,42,10.0,3.69,3.944800470583736,3.8689,3.5477,36.9,False,0.0759,0.3971
10M,middle_r8,42,20.0,3.69,3.6849736589427233,3.6623,3.4497,73.8,False,0.0227,0.2353
10M,middle_r8,42,40.0,3.69,3.521693083971795,3.5326,3.3794,147.6,False,-0.0109,0.1423
10M,middle_r8,42,80.0,3.69,3.401251188160073,3.4388,3.3121,295.2,True,-0.0376,0.0892
10M,middle_r8,42,160.0,3.69,3.315176447652487,3.3715,3.2448,590.5,True,-0.0564,0.0703
10M,middle_r8_k4,42,10.0,2.67,3.9239141479155313,3.8689,3.6083,26.7,False,0.055,0.3156
10M,middle_r8_k4,42,20.0,2.67,3.67918184280708,3.6623,3.4936,53.4,False,0.0169,0.1856
10M,middle_r8_k4,42,40.0,2.67,3.521147905662076,3.5326,3.4108,106.8,False,-0.0115,0.1104
10M,whole_r2,42,10.0,1.77,4.075616519007976,3.8689,3.6994,17.7,False,0.2067,0.3762
10M,whole_r2,42,20.0,1.77,3.799754893446746,3.6623,3.5559,35.3,False,0.1374,0.2438
10M,whole_r2,42,40.0,1.77,3.632055753218978,3.5326,3.4557,70.6,False,0.0994,0.1764
10M,whole_r4,42,10.0,3.28,4.1449676709609875,3.8689,3.5699,32.8,False,0.276,0.5751
10M,whole_r4,42,20.0,3.28,3.8028501537143624,3.6623,3.4658,65.6,False,0.1405,0.3371
10M,whole_r4,42,40.0,3.28,3.6032537082748055,3.5326,3.3909,131.1,False,0.0706,0.2124
10M,whole_r4_k2,42,10.0,2.27,3.8977703685460496,3.8689,3.6386,22.7,False,0.0288,0.2591
10M,whole_r4_k2,42,20.0,2.27,3.6873118051236897,3.6623,3.5155,45.4,False,0.025,0.1718
10M,whole_r4_k2,42,40.0,2.27,3.589015236726662,3.5326,3.4265,90.8,False,0.0564,0.1625
10M,whole_r8,42,10.0,6.3,3.7921576273961826,3.8689,3.4711,63.0,False,-0.0768,0.3211
10M,whole_r8,42,20.0,6.3,3.5801126729009427,3.6623,3.3947,126.0,False,-0.0822,0.1854
10M,whole_r8,42,40.0,6.3,3.4491595256882297,3.5326,3.3274,252.1,True,-0.0835,0.1217
10M,whole_r8_k4,42,10.0,4.29,3.808907996273221,3.8689,3.5233,42.9,False,-0.06,0.2856
10M,whole_r8_k4,42,20.0,4.29,3.608309388053283,3.6623,3.4321,85.7,False,-0.054,0.1762
10M,whole_r8_k4,42,40.0,4.29,3.474079957902505,3.5326,3.3648,171.4,True,-0.0586,0.1092
10M,middle_r2,43,10.0,1.39,3.976703419169347,3.8611,3.7639,13.9,False,0.1156,0.2128
10M,middle_r2,43,20.0,1.39,3.7241901303915776,3.6578,3.5968,27.9,False,0.0664,0.1274
10M,middle_r2,43,40.0,1.39,3.566190361517638,3.5302,3.4856,55.7,False,0.036,0.0806
10M,middle_r4,43,10.0,2.16,3.962264023063868,3.8611,3.6437,21.6,False,0.1012,0.3186
10M,middle_r4,43,20.0,2.16,3.713784036701196,3.6578,3.5199,43.2,False,0.056,0.1938
10M,middle_r4,43,40.0,2.16,3.5481171183556044,3.5302,3.4266,86.3,True,0.0179,0.1215
10M,middle_r4_k2,43,10.0,1.65,3.989003669388456,3.8611,3.7145,16.5,False,0.1279,0.2745
10M,middle_r4_k2,43,20.0,1.65,3.761364449522678,3.6578,3.5658,33.0,False,0.1036,0.1955
10M,middle_r4_k2,43,40.0,1.65,3.595643563343616,3.5302,3.4629,65.9,False,0.0654,0.1327
10M,middle_r8,43,10.0,3.69,3.9558368997744946,3.8611,3.545,36.9,False,0.0947,0.4108
10M,middle_r8,43,20.0,3.69,3.698910296808016,3.6578,3.4477,73.8,False,0.0412,0.2512
10M,middle_r8,43,40.0,3.69,3.5327448740417213,3.5302,3.3544,147.6,True,0.0025,0.1783
10M,middle_r8_k4,43,10.0,2.67,3.961087660403942,3.8611,3.6046,26.7,False,0.1,0.3564
10M,middle_r8_k4,43,20.0,2.67,3.7061738696801063,3.6578,3.4913,53.4,False,0.0484,0.2148
10M,middle_r8_k4,43,40.0,2.67,3.5401979043324165,3.5302,3.398,106.8,True,0.01,0.1422
10M,whole_r2,43,10.0,1.77,4.121917588710589,3.8611,3.6943,17.7,False,0.2608,0.4276
10M,whole_r2,43,20.0,1.77,3.829095853637729,3.6578,3.5531,35.3,False,0.1713,0.276
10M,whole_r2,43,40.0,1.77,3.6552069240875382,3.5302,3.4536,70.6,False,0.125,0.2016
10M,whole_r4,43,10.0,3.28,4.12603672159932,3.8611,3.5669,32.8,False,0.2649,0.5592
10M,whole_r4,43,20.0,3.28,3.777888918778445,3.6578,3.4637,65.6,False,0.1201,0.3142
10M,whole_r4,43,40.0,3.28,3.5826248673009102,3.5302,3.3704,131.1,True,0.0524,0.2123
10M,whole_r4_k2,43,10.0,2.27,3.873671810701398,3.8611,3.6345,22.7,False,0.0126,0.2392
10M,whole_r4_k2,43,20.0,2.27,3.686881933984157,3.6578,3.5132,45.4,False,0.0291,0.1737
10M,whole_r4_k2,43,40.0,2.27,3.5835489756041277,3.5302,3.4198,90.8,True,0.0533,0.1637
10M,whole_r8,43,10.0,6.3,3.7968994157460982,3.8611,3.469,63.0,False,-0.0642,0.3279
10M,whole_r8,43,20.0,6.3,3.581653668252141,3.6578,3.3757,126.0,True,-0.0761,0.206
10M,whole_r8,43,40.0,6.3,3.4499231823306906,3.5302,3.2824,252.1,True,-0.0803,0.1676
10M,whole_r8_k4,43,10.0,4.29,3.808771559966912,3.8611,3.5209,42.9,False,-0.0523,0.2878
10M,whole_r8_k4,43,20.0,4.29,3.6134560035919,3.6578,3.4276,85.7,True,-0.0443,0.1859
10M,whole_r8_k4,43,40.0,4.29,3.4868722456507615,3.5302,3.3343,171.4,True,-0.0433,0.1526
10M,middle_r2,44,10.0,1.39,3.968487081143334,3.8643,3.7678,13.9,False,0.1042,0.2007
10M,middle_r2,44,20.0,1.39,3.722159916170792,3.6625,3.6011,27.9,False,0.0597,0.121
10M,middle_r2,44,40.0,1.39,3.566176148200002,3.5341,3.4897,55.7,False,0.032,0.0765
10M,middle_r4,44,10.0,2.16,3.9667871154047023,3.8643,3.6484,21.6,False,0.1025,0.3184
10M,middle_r4,44,20.0,2.16,3.714985166572964,3.6625,3.5239,43.2,False,0.0525,0.1911
10M,middle_r4,44,40.0,2.16,3.554093434670599,3.5341,3.431,86.3,True,0.02,0.1231
10M,middle_r4_k2,44,10.0,1.65,3.979656079169563,3.8643,3.7188,16.5,False,0.1154,0.2608
10M,middle_r4_k2,44,20.0,1.65,3.749627523069897,3.6625,3.57,33.0,False,0.0871,0.1797
10M,middle_r4_k2,44,40.0,1.65,3.5849657720240953,3.5341,3.4671,65.9,False,0.0508,0.1178
10M,middle_r8,44,10.0,3.69,3.923508336368841,3.8643,3.5491,36.9,False,0.0592,0.3745
10M,middle_r8,44,20.0,3.69,3.6758654386530223,3.6625,3.452,73.8,False,0.0134,0.2239
10M,middle_r8,44,40.0,3.69,3.517277468917821,3.5341,3.359,147.6,True,-0.0169,0.1582
10M,middle_r8_k4,44,10.0,2.67,3.9589850657830183,3.8643,3.609,26.7,False,0.0947,0.3499
10M,middle_r8_k4,44,20.0,2.67,3.699046296882739,3.6625,3.4954,53.4,False,0.0365,0.2036
10M,middle_r8_k4,44,40.0,2.67,3.5348612444010357,3.5341,3.4025,106.8,True,0.0007,0.1324
10M,whole_r2,44,10.0,1.77,4.137911892195069,3.8643,3.6987,17.7,False,0.2736,0.4392
10M,whole_r2,44,20.0,1.77,3.822201171885782,3.6625,3.5572,35.3,False,0.1597,0.265
10M,whole_r2,44,40.0,1.77,3.6464872236010426,3.5341,3.4579,70.6,False,0.1124,0.1886
10M,whole_r4,44,10.0,3.28,4.133089181802055,3.8643,3.571,32.8,False,0.2688,0.5621
10M,whole_r4,44,20.0,3.28,3.777183096991072,3.6625,3.4679,65.6,False,0.1147,0.3093
10M,whole_r4,44,40.0,3.28,3.577939089328756,3.5341,3.375,131.1,True,0.0438,0.203
10M,whole_r4_k2,44,10.0,2.27,3.923330256108269,3.8643,3.6391,22.7,False,0.059,0.2843
10M,whole_r4_k2,44,20.0,2.27,3.7359520403067545,3.6625,3.5172,45.4,False,0.0735,0.2188
10M,whole_r4_k2,44,40.0,2.27,3.5917203544330136,3.5341,3.4242,90.8,True,0.0576,0.1675
10M,whole_r8,44,10.0,6.3,3.8073620979211897,3.8643,3.4732,63.0,False,-0.0569,0.3342
10M,whole_r8,44,20.0,6.3,3.5926495512062884,3.6625,3.3802,126.0,True,-0.0699,0.2124
10M,whole_r8,44,40.0,6.3,3.457301892528782,3.5341,3.2873,252.1,True,-0.0768,0.17
10M,whole_r8_k4,44,10.0,4.29,3.808556955335493,3.8643,3.5249,42.9,False,-0.0557,0.2837
10M,whole_r8_k4,44,20.0,4.29,3.607617902318236,3.6625,3.4319,85.7,True,-0.0549,0.1757
10M,whole_r8_k4,44,40.0,4.29,3.477978372823854,3.5341,3.339,171.4,True,-0.0562,0.139
20M,middle_r2,42,10.0,1.42,3.683450908325731,3.655,3.5613,14.2,False,0.0285,0.1222
20M,middle_r2,42,20.0,1.42,3.473463636090346,3.4683,3.4039,28.3,False,0.0051,0.0696
20M,middle_r2,42,40.0,1.42,3.3291724199665516,3.3399,3.2933,56.6,False,-0.0108,0.0359
20M,middle_r4,42,10.0,2.22,3.660310020432715,3.655,3.4486,22.2,False,0.0053,0.2117
20M,middle_r4,42,20.0,2.22,3.443388528062913,3.4683,3.3257,44.5,False,-0.0249,0.1177
20M,middle_r4,42,40.0,2.22,3.2944703015978782,3.3399,3.2327,89.0,True,-0.0455,0.0618
20M,middle_r4,42,80.0,2.22,3.1866075241605745,3.247,3.1397,178.0,True,-0.0604,0.0469
20M,middle_r4_k2,42,10.0,1.69,3.671402482989575,3.655,3.5144,16.9,False,0.0164,0.157
20M,middle_r4_k2,42,20.0,1.69,3.4628124013036534,3.4683,3.3716,33.7,False,-0.0055,0.0912
20M,middle_r4_k2,42,40.0,1.69,3.341538204962805,3.3399,3.2699,67.4,False,0.0016,0.0716
20M,middle_r8,42,10.0,3.84,3.665795482307528,3.655,3.3474,38.4,False,0.0108,0.3184
20M,middle_r8,42,20.0,3.84,3.4461416909313227,3.4683,3.2524,76.8,False,-0.0222,0.1938
20M,middle_r8,42,40.0,3.84,3.2891052311054856,3.3399,3.1594,153.7,True,-0.0508,0.1297
20M,middle_r8,42,80.0,3.84,3.1768135057480436,3.247,3.0665,307.4,True,-0.0702,0.1104
20M,middle_r8_k4,42,10.0,2.76,3.66526751603406,3.655,3.4084,27.6,False,0.0103,0.2569
20M,middle_r8_k4,42,20.0,2.76,3.4487925317799752,3.4683,3.2966,55.3,False,-0.0195,0.1522
20M,middle_r8_k4,42,40.0,2.76,3.2987230392817617,3.3399,3.2036,110.6,True,-0.0412,0.0951
20M,whole_r2,42,10.0,1.81,3.748976567028449,3.655,3.4954,18.1,False,0.094,0.2536
20M,whole_r2,42,20.0,1.81,3.528874521750807,3.4683,3.3586,36.2,False,0.0606,0.1703
20M,whole_r2,42,40.0,1.81,3.382817503333121,3.3399,3.2605,72.3,False,0.0429,0.1223
20M,whole_r4,42,10.0,3.4,3.8044799331795662,3.655,3.3699,34.0,False,0.1495,0.4346
20M,whole_r4,42,20.0,3.4,3.540089509953364,3.4683,3.2687,68.1,False,0.0718,0.2714
20M,whole_r4,42,40.0,3.4,3.3736596766078346,3.3399,3.1757,136.1,True,0.0337,0.1979
20M,whole_r4_k2,42,10.0,2.34,3.643346947729905,3.655,3.4392,23.4,False,-0.0116,0.2041
20M,whole_r4_k2,42,20.0,2.34,3.4471250679409553,3.4683,3.3189,46.8,False,-0.0212,0.1282
20M,whole_r4_k2,42,40.0,2.34,3.3361925700475106,3.3399,3.2259,93.6,True,-0.0038,0.1103
20M,whole_r8,42,10.0,6.59,3.6218075707531625,3.655,3.273,65.9,False,-0.0332,0.3488
20M,whole_r8,42,20.0,6.59,3.403495636444923,3.4683,3.18,131.8,True,-0.0648,0.2235
20M,whole_r8,42,40.0,6.59,3.261628128459415,3.3399,3.0871,263.6,True,-0.0783,0.1746
20M,whole_r8_k4,42,10.0,4.47,3.5884050496372395,3.655,3.3252,44.7,False,-0.0666,0.2632
20M,whole_r8_k4,42,20.0,4.47,3.420311094570621,3.4683,3.2322,89.3,True,-0.048,0.1881
20M,whole_r8_k4,42,40.0,4.47,3.2905869611096517,3.3399,3.1393,178.6,True,-0.0494,0.1513
20M,middle_r2,43,10.0,1.42,3.687910593492526,3.631,3.541,14.2,False,0.0569,0.1469
20M,middle_r2,43,20.0,1.42,3.4796075568578457,3.4517,3.3908,28.3,False,0.0279,0.0888
20M,middle_r2,43,40.0,1.42,3.336063433291139,3.3303,3.2871,56.6,False,0.0057,0.0489
20M,middle_r4,43,10.0,2.22,3.681583685498766,3.631,3.433,22.2,False,0.0506,0.2486
20M,middle_r4,43,20.0,2.22,3.4661810394195545,3.4517,3.3171,44.5,False,0.0145,0.1491
20M,middle_r4,43,40.0,2.22,3.3141361882511418,3.3303,3.2311,89.0,True,-0.0162,0.083
20M,middle_r4_k2,43,10.0,1.69,3.701874273321577,3.631,3.4959,16.9,False,0.0709,0.206
20M,middle_r4_k2,43,20.0,1.69,3.4856096066371554,3.4517,3.3603,33.7,False,0.0339,0.1254
20M,middle_r4_k2,43,40.0,1.69,3.337820133510948,3.3303,3.2655,67.4,False,0.0075,0.0723
20M,middle_r8,43,10.0,3.84,3.679141236062502,3.631,3.3374,38.4,False,0.0482,0.3418
20M,middle_r8,43,20.0,3.84,3.457228296070844,3.4517,3.2493,76.8,False,0.0056,0.2079
20M,middle_r8,43,40.0,3.84,3.3005978801165106,3.3303,3.1633,153.7,True,-0.0297,0.1373
20M,middle_r8_k4,43,10.0,2.76,3.674694167666288,3.631,3.395,27.6,False,0.0437,0.2797
20M,middle_r8_k4,43,20.0,2.76,3.4596682845828397,3.4517,3.2902,55.3,False,0.008,0.1695
20M,middle_r8_k4,43,40.0,2.76,3.3046647098830637,3.3303,3.2042,110.6,True,-0.0257,0.1005
20M,whole_r2,43,10.0,1.81,3.744542087141024,3.631,3.4777,18.1,False,0.1136,0.2669
20M,whole_r2,43,20.0,1.81,3.5268875341445876,3.4517,3.3479,36.2,False,0.0752,0.179
20M,whole_r2,43,40.0,1.81,3.38169987390949,3.3303,3.2568,72.3,False,0.0514,0.1249
20M,whole_r4,43,10.0,3.4,3.765670595858913,3.631,3.3586,34.0,False,0.1347,0.407
20M,whole_r4,43,20.0,3.4,3.521551726109919,3.4517,3.2644,68.1,False,0.0699,0.2572
20M,whole_r4,43,40.0,3.4,3.364040545361765,3.3303,3.1784,136.1,True,0.0337,0.1857
20M,whole_r4_k2,43,10.0,2.34,3.651442986112013,3.631,3.4242,23.4,False,0.0205,0.2273
20M,whole_r4_k2,43,20.0,2.34,3.476455410136006,3.4517,3.3108,46.8,False,0.0248,0.1656
20M,whole_r4_k2,43,40.0,2.34,3.3354431280117516,3.3303,3.2248,93.6,True,0.0051,0.1106
20M,whole_r8,43,10.0,6.59,3.6248300129046767,3.631,3.2684,65.9,False,-0.0061,0.3565
20M,whole_r8,43,20.0,6.59,3.40126037248046,3.4517,3.1823,131.8,True,-0.0504,0.2189
20M,whole_r8,43,40.0,6.59,3.2553832100310176,3.3303,3.0963,263.6,True,-0.0749,0.159
20M,whole_r8_k4,43,10.0,4.47,3.5819801149081565,3.631,3.3167,44.7,False,-0.049,0.2653
20M,whole_r8_k4,43,20.0,4.47,3.4759560570607873,3.4517,3.2307,89.3,True,0.0243,0.2453
20M,whole_r8_k4,43,40.0,4.47,3.286908141301248,3.3303,3.1446,178.6,True,-0.0434,0.1423
20M,middle_r2,44,10.0,1.42,3.693551014396847,3.632,3.541,14.2,False,0.0616,0.1526
20M,middle_r2,44,20.0,1.42,3.483169136873928,3.4507,3.3878,28.3,False,0.0325,0.0953
20M,middle_r2,44,40.0,1.42,3.3390346996866436,3.3255,3.2808,56.6,False,0.0136,0.0582
20M,middle_r4,44,10.0,2.22,3.67052332345377,3.632,3.4314,22.2,False,0.0385,0.2391
20M,middle_r4,44,20.0,2.22,3.4591136091003705,3.4507,3.3118,44.5,False,0.0084,0.1473
20M,middle_r4,44,40.0,2.22,3.3116119198749523,3.3255,3.2228,89.0,True,-0.0139,0.0888
20M,middle_r4_k2,44,10.0,1.69,3.720792209622588,3.632,3.4954,16.9,False,0.0888,0.2254
20M,middle_r4_k2,44,20.0,1.69,3.4857144855970517,3.4507,3.3564,33.7,False,0.035,0.1294
20M,middle_r4_k2,44,40.0,1.69,3.3546657414794545,3.3255,3.2584,67.4,False,0.0292,0.0962
20M,middle_r8,44,10.0,3.84,3.6703152596008146,3.632,3.3327,38.4,False,0.0383,0.3376
20M,middle_r8,44,20.0,3.84,3.451722984184277,3.4507,3.2416,76.8,False,0.001,0.2101
20M,middle_r8,44,40.0,3.84,3.2969415267328084,3.3255,3.1526,153.7,True,-0.0285,0.1443
20M,middle_r8_k4,44,10.0,2.76,3.675701439307403,3.632,3.3922,27.6,False,0.0437,0.2835
20M,middle_r8_k4,44,20.0,2.76,3.458917941704931,3.4507,3.2839,55.3,False,0.0082,0.175
20M,middle_r8_k4,44,40.0,2.76,3.303501042060324,3.3255,3.1949,110.6,True,-0.022,0.1086
20M,whole_r2,44,10.0,1.81,3.760309257856544,3.632,3.477,18.1,False,0.1283,0.2833
20M,whole_r2,44,20.0,1.81,3.5348295403550294,3.4507,3.3436,36.2,False,0.0841,0.1912
20M,whole_r2,44,40.0,1.81,3.384980030607472,3.3255,3.2494,72.3,False,0.0595,0.1356
20M,whole_r4,44,10.0,3.4,3.778406520064441,3.632,3.3547,34.0,False,0.1464,0.4237
20M,whole_r4,44,20.0,3.4,3.5303710948398463,3.4507,3.2572,68.1,False,0.0797,0.2731
20M,whole_r4,44,40.0,3.4,3.3688777139167914,3.3255,3.1682,136.1,True,0.0434,0.2006
20M,whole_r4_k2,44,10.0,2.34,3.643218226990224,3.632,3.4223,23.4,False,0.0112,0.2209
20M,whole_r4_k2,44,20.0,2.34,3.4497152739273513,3.4507,3.3053,46.8,False,-0.001,0.1444
20M,whole_r4_k2,44,40.0,2.34,3.3310142276698604,3.3255,3.2163,93.6,True,0.0055,0.1147
20M,whole_r8,44,10.0,6.59,3.59511600742276,3.632,3.2614,65.9,False,-0.0369,0.3338
20M,whole_r8,44,20.0,6.59,3.3855339971818768,3.4507,3.1724,131.8,True,-0.0652,0.2132
20M,whole_r8,44,40.0,6.59,3.244262227537865,3.3255,3.0834,263.6,True,-0.0812,0.1609
20M,whole_r8_k4,44,10.0,4.47,3.5914739962242117,3.632,3.3113,44.7,False,-0.0405,0.2801
20M,whole_r8_k4,44,20.0,4.47,3.405466645279768,3.4507,3.2224,89.3,True,-0.0452,0.1831
20M,whole_r8_k4,44,40.0,4.47,3.271247395643333,3.3255,3.1334,178.6,True,-0.0542,0.1379
40M,middle_r2,42,10.0,1.44,3.40650513178595,3.4002,3.3189,14.4,False,0.0063,0.0876
40M,middle_r2,42,20.0,1.44,3.2382517866237923,3.2458,3.1887,28.8,False,-0.0076,0.0496
40M,middle_r2,42,40.0,1.44,3.1196090705156267,3.1373,3.0956,57.6,False,-0.0177,0.024
40M,middle_r4,42,10.0,2.29,3.3921232519409936,3.4002,3.2243,22.9,False,-0.008,0.1678
40M,middle_r4,42,20.0,2.29,3.214312645671623,3.2458,3.1216,45.9,False,-0.0315,0.0927
40M,middle_r4,42,40.0,2.29,3.087410393106544,3.1373,3.0425,91.8,True,-0.0499,0.0449
40M,middle_r4_k2,42,10.0,1.73,3.4418007611661987,3.4002,3.2787,17.3,False,0.0416,0.1631
40M,middle_r4_k2,42,20.0,1.73,3.249652003171628,3.2458,3.1605,34.5,False,0.0038,0.0892
40M,middle_r4_k2,42,40.0,1.73,3.132313643078395,3.1373,3.0751,69.0,False,-0.005,0.0573
40M,middle_r8,42,10.0,4.0,3.3954764580056698,3.4002,3.1372,40.0,False,-0.0047,0.2582
40M,middle_r8,42,20.0,4.0,3.2116988722225503,3.2458,3.0581,80.1,True,-0.0341,0.1536
40M,middle_r8,42,40.0,4.0,3.0797772782532697,3.1373,2.979,160.1,True,-0.0575,0.1008
40M,middle_r8_k4,42,10.0,2.86,3.402147013871355,3.4002,3.1896,28.6,False,0.002,0.2125
40M,middle_r8_k4,42,20.0,2.86,3.222889478897847,3.2458,3.0963,57.3,False,-0.023,0.1266
40M,middle_r8_k4,42,40.0,2.86,3.089764054210041,3.1373,3.0172,114.6,True,-0.0476,0.0726
40M,whole_r2,42,10.0,1.85,3.4418751995403545,3.4002,3.2627,18.5,False,0.0417,0.1792
40M,whole_r2,42,20.0,1.85,3.2737663551582754,3.2458,3.1492,37.1,False,0.0279,0.1246
40M,whole_r2,42,40.0,1.85,3.1514252976682933,3.1373,3.0668,74.2,False,0.0141,0.0846
40M,whole_r4,42,10.0,3.54,3.4913482197459738,3.4002,3.1567,35.4,False,0.0912,0.3347
40M,whole_r4,42,20.0,3.54,3.29179856487542,3.2458,3.0723,70.7,False,0.046,0.2195
40M,whole_r4,42,40.0,3.54,3.154588813774707,3.1373,2.9932,141.4,True,0.0173,0.1614
40M,whole_r4_k2,42,10.0,2.41,3.401436397364677,3.4002,3.2164,24.1,False,0.0013,0.1851
40M,whole_r4_k2,42,20.0,2.41,3.2288775840125528,3.2458,3.1158,48.3,False,-0.017,0.1131
40M,whole_r4_k2,42,40.0,2.41,3.126523155012558,3.1373,3.0367,96.6,True,-0.0108,0.0898
40M,whole_r8,42,10.0,6.9,3.395515819219716,3.4002,3.0751,69.0,False,-0.0046,0.3204
40M,whole_r8,42,20.0,6.9,3.193878798888319,3.2458,2.996,137.9,True,-0.052,0.1979
40M,whole_r8,42,40.0,6.9,3.0641765736474973,3.1373,2.9169,275.9,True,-0.0731,0.1473
40M,whole_r8_k4,42,10.0,4.66,3.354368141655099,3.4002,3.12,46.6,False,-0.0458,0.2344
40M,whole_r8_k4,42,20.0,4.66,3.2075486808949356,3.2458,3.0409,93.1,True,-0.0383,0.1667
40M,whole_r8_k4,42,40.0,4.66,3.083972491200046,3.1373,2.9617,186.2,True,-0.0533,0.1222
40M,middle_r2,43,10.0,1.44,3.407917446612413,3.4041,3.322,14.4,False,0.0038,0.0859
40M,middle_r2,43,20.0,1.44,3.2390881160108895,3.2483,3.1907,28.8,False,-0.0092,0.0483
40M,middle_r2,43,40.0,1.44,3.1201048335425927,3.139,3.0975,57.6,False,-0.0189,0.0226
40M,middle_r4,43,10.0,2.29,3.392673555381021,3.4041,3.2266,22.9,False,-0.0114,0.166
40M,middle_r4,43,20.0,2.29,3.2150515789109484,3.2483,3.1234,45.9,False,-0.0332,0.0917
40M,middle_r4,43,40.0,2.29,3.087288195782,3.139,3.0446,91.8,True,-0.0517,0.0427
40M,middle_r4_k2,43,10.0,1.73,3.421170155676067,3.4041,3.2815,17.3,False,0.0171,0.1397
40M,middle_r4_k2,43,20.0,1.73,3.249796479107893,3.2483,3.1623,34.5,False,0.0015,0.0875
40M,middle_r4_k2,43,40.0,1.73,3.122622862371559,3.139,3.077,69.0,False,-0.0164,0.0456
40M,middle_r8,43,10.0,4.0,3.394075465258972,3.4041,3.1389,40.0,False,-0.01,0.2551
40M,middle_r8,43,20.0,4.0,3.211376066747731,3.2483,3.0601,80.1,True,-0.0369,0.1512
40M,middle_r8,43,40.0,4.0,3.082290004431943,3.139,2.9814,160.1,True,-0.0567,0.1009
40M,middle_r8_k4,43,10.0,2.86,3.406878891238868,3.4041,3.1917,28.6,False,0.0028,0.2152
40M,middle_r8_k4,43,20.0,2.86,3.2268778785612753,3.2483,3.0982,57.3,False,-0.0214,0.1287
40M,middle_r8_k4,43,40.0,2.86,3.097688656762649,3.139,3.0194,114.6,True,-0.0413,0.0783
40M,whole_r2,43,10.0,1.85,3.440754127646973,3.4041,3.2653,18.5,False,0.0367,0.1754
40M,whole_r2,43,20.0,1.85,3.2706994046115696,3.2483,3.151,37.1,False,0.0224,0.1197
40M,whole_r2,43,40.0,1.85,3.1509483554707587,3.139,3.0688,74.2,False,0.0119,0.0821
40M,whole_r4,43,10.0,3.54,3.486945031989438,3.4041,3.1585,35.4,False,0.0829,0.3285
40M,whole_r4,43,20.0,3.54,3.291504823810943,3.2483,3.0743,70.7,False,0.0432,0.2172
40M,whole_r4,43,40.0,3.54,3.157340617108386,3.139,2.9955,141.4,True,0.0183,0.1619
40M,whole_r4_k2,43,10.0,2.41,3.4059905238865222,3.4041,3.2186,24.1,False,0.0019,0.1874
40M,whole_r4_k2,43,20.0,2.41,3.2302898001668883,3.2483,3.1176,48.3,False,-0.018,0.1127
40M,whole_r4_k2,43,40.0,2.41,3.1239441021992453,3.139,3.0388,96.6,True,-0.0151,0.0851
40M,whole_r8,43,10.0,6.9,3.3874063765064175,3.4041,3.0771,69.0,False,-0.0167,0.3103
40M,whole_r8,43,20.0,6.9,3.2814907305576764,3.2483,2.9983,137.9,True,0.0332,0.2832
40M,whole_r8,43,40.0,6.9,3.0777197759938764,3.139,2.9195,275.9,True,-0.0613,0.1582
40M,whole_r8_k4,43,10.0,4.66,3.3553101873675173,3.4041,3.1218,46.6,False,-0.0488,0.2336
40M,whole_r8_k4,43,20.0,4.66,3.2116823419263265,3.2483,3.043,93.1,True,-0.0366,0.1687
40M,middle_r2,44,10.0,1.44,3.4032592024802772,3.4072,3.325,14.4,False,-0.0039,0.0782
40M,middle_r2,44,20.0,1.44,3.2354722727699556,3.2512,3.1933,28.8,False,-0.0157,0.0422
40M,middle_r2,44,40.0,1.44,3.1171700469279764,3.1413,3.0988,57.6,False,-0.0241,0.0183
40M,middle_r4,44,10.0,2.29,3.397055694782891,3.4072,3.2294,22.9,False,-0.0101,0.1677
40M,middle_r4,44,20.0,2.29,3.222704084829489,3.2512,3.1253,45.9,False,-0.0285,0.0974
40M,middle_r4,44,40.0,2.29,3.0941428881737623,3.1413,3.0447,91.8,True,-0.0471,0.0495
40M,middle_r4_k2,44,10.0,1.73,3.421496793856011,3.4072,3.2844,17.3,False,0.0143,0.1371
40M,middle_r4_k2,44,20.0,1.73,3.246266856693153,3.2512,3.1647,34.5,False,-0.0049,0.0815
40M,middle_r4_k2,44,40.0,1.73,3.140651019402547,3.1413,3.0778,69.0,False,-0.0006,0.0628
40M,middle_r8,44,10.0,4.0,3.399385211781611,3.4072,3.1412,40.0,False,-0.0078,0.2582
40M,middle_r8,44,20.0,4.0,3.217631443503683,3.2512,3.0606,80.1,True,-0.0336,0.1571
40M,middle_r8,44,40.0,4.0,3.0846286966299323,3.1413,2.9799,160.1,True,-0.0567,0.1047
40M,middle_r8_k4,44,10.0,2.86,3.4051235708077474,3.4072,3.1943,28.6,False,-0.002,0.2109
40M,middle_r8_k4,44,20.0,2.86,3.2263676729973367,3.2512,3.0995,57.3,False,-0.0248,0.1268
40M,middle_r8_k4,44,40.0,2.86,3.095316884909663,3.1413,3.0189,114.6,True,-0.046,0.0764
40M,whole_r2,44,10.0,1.85,3.429766601706407,3.4072,3.2682,18.5,False,0.0226,0.1615
40M,whole_r2,44,20.0,1.85,3.262036820931449,3.2512,3.1533,37.1,False,0.0108,0.1087
40M,whole_r2,44,40.0,1.85,3.1449051962893337,3.1413,3.0695,74.2,False,0.0036,0.0754
40M,whole_r4,44,10.0,3.54,3.483296638508926,3.4072,3.1609,35.4,False,0.0761,0.3224
40M,whole_r4,44,20.0,3.54,3.286126769203279,3.2512,3.075,70.7,False,0.0349,0.2111
40M,whole_r4,44,40.0,3.54,3.1518720437533694,3.1413,2.9944,141.4,True,0.0106,0.1575
40M,whole_r4_k2,44,10.0,2.41,3.3982009012107133,3.4072,3.2213,24.1,False,-0.009,0.1769
40M,whole_r4_k2,44,20.0,2.41,3.229049980449981,3.2512,3.1194,48.3,False,-0.0221,0.1097
40M,whole_r4_k2,44,40.0,2.41,3.103905177130066,3.1413,3.0388,96.6,True,-0.0374,0.0652
40M,whole_r8,44,20.0,6.9,4.49288868277159,3.2512,2.9973,137.9,True,1.2417,1.4956
40M,whole_r8,44,40.0,6.9,3.7846661684914857,3.1413,2.9166,275.9,True,0.6434,0.868
40M,whole_r8_k4,44,10.0,4.66,3.3760133193323787,3.4072,3.1236,46.6,False,-0.0311,0.2524
40M,whole_r8_k4,44,20.0,4.66,3.2175983628135274,3.2512,3.043,93.1,True,-0.0336,0.1746
40M,whole_r8_k4,44,40.0,4.66,3.090681111460051,3.1413,2.9624,186.2,True,-0.0506,0.1283
80M,middle_r2,42,10.0,1.46,3.179885971582306,3.1855,3.1117,14.6,False,-0.0056,0.0682
80M,middle_r2,42,20.0,1.46,3.0361524466518257,3.0507,2.9986,29.2,False,-0.0146,0.0376
80M,middle_r2,42,40.0,1.46,2.931928172474403,2.9555,2.916,58.5,False,-0.0235,0.0159
80M,middle_r4,42,10.0,2.35,3.1629625804849875,3.1855,3.0283,23.5,False,-0.0226,0.1347
80M,middle_r4,42,20.0,2.35,3.011368830237018,3.0507,2.9385,47.1,False,-0.0393,0.0729
80M,middle_r4,42,40.0,2.35,2.900777081887767,2.9555,2.8665,94.2,True,-0.0547,0.0343
80M,middle_r4_k2,42,10.0,1.76,3.206580442381089,3.1855,3.0756,17.6,False,0.0211,0.1309
80M,middle_r4_k2,42,20.0,1.76,3.058510180450124,3.0507,2.9731,35.2,False,0.0078,0.0854
80M,middle_r4_k2,42,40.0,1.76,2.9541442690155786,2.9555,2.8968,70.4,False,-0.0013,0.0574
80M,middle_r8,42,10.0,4.14,3.177214151597916,3.1855,2.9519,41.4,False,-0.0083,0.2254
80M,middle_r8,42,20.0,4.14,3.0160901604681545,3.0507,2.8798,82.8,True,-0.0346,0.1362
80M,middle_r8,42,40.0,4.14,2.899422468107456,2.9555,2.8078,165.6,True,-0.056,0.0916
80M,middle_r8_k4,42,10.0,2.95,3.191778107416799,3.1855,2.9973,29.5,False,0.0063,0.1945
80M,middle_r8_k4,42,20.0,2.95,3.031518456741937,3.0507,2.9151,59.0,False,-0.0192,0.1164
80M,middle_r8_k4,42,40.0,2.95,2.915388484019519,2.9555,2.8431,118.0,True,-0.0401,0.0723
80M,whole_r2,42,10.0,1.89,3.196822995937182,3.1855,3.0614,18.9,False,0.0113,0.1354
80M,whole_r2,42,20.0,1.89,3.0540921821087985,3.0507,2.963,37.9,False,0.0034,0.0911
80M,whole_r2,42,40.0,1.89,2.950748113348764,2.9555,2.8891,75.7,False,-0.0047,0.0616
80M,whole_r4,42,10.0,3.65,3.2350193678019252,3.1855,2.9681,36.5,False,0.0495,0.267
80M,whole_r4,42,20.0,3.65,3.0735113578375137,3.0507,2.893,73.0,False,0.0228,0.1805
80M,whole_r4,42,40.0,3.65,2.958852162591224,2.9555,2.8209,146.0,True,0.0034,0.1379
80M,whole_r4_k2,42,10.0,2.48,3.2248429657737736,3.1855,3.0212,24.8,False,0.0393,0.2036
80M,whole_r4_k2,42,20.0,2.48,3.0644497481358863,3.0507,2.9332,49.6,False,0.0137,0.1313
80M,whole_r4_k2,42,40.0,2.48,2.9547353193372614,2.9555,2.8611,99.1,True,-0.0007,0.0936
80M,whole_r8,42,10.0,7.16,3.2242998996374306,3.1855,2.8949,71.6,False,0.0388,0.3294
80M,whole_r8,42,20.0,7.16,3.0517022671429603,3.0507,2.8229,143.2,True,0.001,0.2288
80M,whole_r8,42,40.0,7.16,2.906752870994381,2.9555,2.7509,286.5,True,-0.0487,0.1559
80M,whole_r8_k4,42,10.0,4.82,3.165554480245251,3.1855,2.9361,48.2,False,-0.02,0.2295
80M,whole_r8_k4,42,20.0,4.82,3.0389244441387646,3.0507,2.8641,96.4,True,-0.0118,0.1749
80M,whole_r8_k4,42,40.0,4.82,2.9265176769829093,2.9555,2.792,192.8,True,-0.0289,0.1345
