name,rung,width,placement,r,k_bwd,seed,N_rung,budgets,iso_flop_rho,tokens_processed,train_flops,card_days,hours_est,status,priority,config,tag
10M_whole_r8_k4_s42,10M,320,whole,8,4,42,15406400,154009600 226508800 308101120 453017600 616202240 906117120,1.4704,1257684992,6.676e+17,0.15,5.14,pending,0,configs/runs/10M_whole_r8_k4_s42.yaml,
10M_whole_r8_k4_s43,10M,320,whole,8,4,43,15406400,154009600 226508800 308101120 453017600 616202240 906117120,1.4704,1257684992,6.676e+17,0.15,5.14,pending,1,configs/runs/10M_whole_r8_k4_s43.yaml,
10M_whole_r8_k4_s44,10M,320,whole,8,4,44,15406400,154009600 226508800 308101120 453017600 616202240 906117120,1.4704,1257684992,6.676e+17,0.15,5.14,pending,2,configs/runs/10M_whole_r8_k4_s44.yaml,
10M_whole_r8_full_s42,10M,320,whole,8,0,42,15406400,154009600 308101120 616202240,1.0,708624384,5.531e+17,0.13,3.73,pending,3,configs/runs/10M_whole_r8_full_s42.yaml,
10M_whole_r8_full_s43,10M,320,whole,8,0,43,15406400,154009600 308101120 616202240,1.0,708624384,5.531e+17,0.13,3.73,pending,4,configs/runs/10M_whole_r8_full_s43.yaml,
10M_whole_r8_full_s44,10M,320,whole,8,0,44,15406400,154009600 308101120 616202240,1.0,708624384,5.531e+17,0.13,3.73,pending,5,configs/runs/10M_whole_r8_full_s44.yaml,
10M_middle_r8_k4_s42,10M,320,middle,8,4,42,15406400,154009600 212992000 308101120 425984000 616202240 851968000,1.3826,1195425792,3.952e+17,0.09,3.0,pending,6,configs/runs/10M_middle_r8_k4_s42.yaml,
10M_middle_r8_k4_s43,10M,320,middle,8,4,43,15406400,154009600 212992000 308101120 425984000 616202240 851968000,1.3826,1195425792,3.952e+17,0.09,3.0,pending,7,configs/runs/10M_middle_r8_k4_s43.yaml,
10M_middle_r8_k4_s44,10M,320,middle,8,4,44,15406400,154009600 212992000 308101120 425984000 616202240 851968000,1.3826,1195425792,3.952e+17,0.09,3.0,pending,8,configs/runs/10M_middle_r8_k4_s44.yaml,
10M_whole_r4_k2_s42,10M,320,whole,4,2,42,15406400,154009600 222412800 308101120 444907520 616202240 889896960,1.4441,1239023616,3.484e+17,0.08,2.82,pending,9,configs/runs/10M_whole_r4_k2_s42.yaml,
10M_whole_r4_k2_s43,10M,320,whole,4,2,43,15406400,154009600 222412800 308101120 444907520 616202240 889896960,1.4441,1239023616,3.484e+17,0.08,2.82,pending,10,configs/runs/10M_whole_r4_k2_s43.yaml,
10M_whole_r4_k2_s44,10M,320,whole,4,2,44,15406400,154009600 222412800 308101120 444907520 616202240 889896960,1.4441,1239023616,3.484e+17,0.08,2.82,pending,11,configs/runs/10M_whole_r4_k2_s44.yaml,
10M_middle_r8_full_s42,10M,320,middle,8,0,42,15406400,154009600 308101120 616202240,1.0,708624384,3.239e+17,0.07,2.17,pending,12,configs/runs/10M_middle_r8_full_s42.yaml,
10M_middle_r8_full_s43,10M,320,middle,8,0,43,15406400,154009600 308101120 616202240,1.0,708624384,3.239e+17,0.07,2.17,pending,13,configs/runs/10M_middle_r8_full_s43.yaml,
10M_middle_r8_full_s44,10M,320,middle,8,0,44,15406400,154009600 308101120 616202240,1.0,708624384,3.239e+17,0.07,2.17,pending,14,configs/runs/10M_middle_r8_full_s44.yaml,
10M_whole_r4_full_s42,10M,320,whole,4,0,42,15406400,154009600 308101120 616202240,1.0,708624384,2.877e+17,0.07,1.95,pending,15,configs/runs/10M_whole_r4_full_s42.yaml,
10M_whole_r4_full_s43,10M,320,whole,4,0,43,15406400,154009600 308101120 616202240,1.0,708624384,2.877e+17,0.07,1.95,pending,16,configs/runs/10M_whole_r4_full_s43.yaml,
10M_whole_r4_full_s44,10M,320,whole,4,0,44,15406400,154009600 308101120 616202240,1.0,708624384,2.877e+17,0.07,1.95,pending,17,configs/runs/10M_whole_r4_full_s44.yaml,
10M_middle_r4_k2_s42,10M,320,middle,4,2,42,15406400,154009600 201768960 308101120 403537920 616202240 807157760,1.3098,1143881728,2.335e+17,0.05,1.54,pending,18,configs/runs/10M_middle_r4_k2_s42.yaml,
10M_middle_r4_k2_s43,10M,320,middle,4,2,43,15406400,154009600 201768960 308101120 403537920 616202240 807157760,1.3098,1143881728,2.335e+17,0.05,1.54,pending,19,configs/runs/10M_middle_r4_k2_s43.yaml,
10M_middle_r4_k2_s44,10M,320,middle,4,2,44,15406400,154009600 201768960 308101120 403537920 616202240 807157760,1.3098,1143881728,2.335e+17,0.05,1.54,pending,20,configs/runs/10M_middle_r4_k2_s44.yaml,
10M_dense_r1_s42,10M,320,dense,1,0,42,15406400,77004800 154009600 308101120 616202240 1232486400,1.0,1463549952,1.813e+17,0.04,1.06,pending,21,configs/runs/10M_dense_r1_s42.yaml,
10M_dense_r1_s43,10M,320,dense,1,0,43,15406400,77004800 154009600 308101120 616202240 1232486400,1.0,1463549952,1.813e+17,0.04,1.06,pending,22,configs/runs/10M_dense_r1_s43.yaml,
10M_dense_r1_s44,10M,320,dense,1,0,44,15406400,77004800 154009600 308101120 616202240 1232486400,1.0,1463549952,1.813e+17,0.04,1.06,pending,23,configs/runs/10M_dense_r1_s44.yaml,
10M_middle_r4_full_s42,10M,320,middle,4,0,42,15406400,154009600 308101120 616202240,1.0,708624384,1.895e+17,0.04,1.05,pending,24,configs/runs/10M_middle_r4_full_s42.yaml,
10M_middle_r4_full_s43,10M,320,middle,4,0,43,15406400,154009600 308101120 616202240,1.0,708624384,1.895e+17,0.04,1.05,pending,25,configs/runs/10M_middle_r4_full_s43.yaml,
10M_middle_r4_full_s44,10M,320,middle,4,0,44,15406400,154009600 308101120 616202240,1.0,708624384,1.895e+17,0.04,1.05,pending,26,configs/runs/10M_middle_r4_full_s44.yaml,
10M_whole_r2_full_s42,10M,320,whole,2,0,42,15406400,154009600 308101120 616202240,1.0,708624384,1.550e+17,0.04,0.87,pending,27,configs/runs/10M_whole_r2_full_s42.yaml,
10M_whole_r2_full_s43,10M,320,whole,2,0,43,15406400,154009600 308101120 616202240,1.0,708624384,1.550e+17,0.04,0.87,pending,28,configs/runs/10M_whole_r2_full_s43.yaml,
10M_whole_r2_full_s44,10M,320,whole,2,0,44,15406400,154009600 308101120 616202240,1.0,708624384,1.550e+17,0.04,0.87,pending,29,configs/runs/10M_whole_r2_full_s44.yaml,
10M_middle_r2_full_s42,10M,320,middle,2,0,42,15406400,154009600 308101120 616202240,1.0,708624384,1.223e+17,0.03,0.71,pending,30,configs/runs/10M_middle_r2_full_s42.yaml,
10M_middle_r2_full_s43,10M,320,middle,2,0,43,15406400,154009600 308101120 616202240,1.0,708624384,1.223e+17,0.03,0.71,pending,31,configs/runs/10M_middle_r2_full_s43.yaml,
10M_middle_r2_full_s44,10M,320,middle,2,0,44,15406400,154009600 308101120 616202240,1.0,708624384,1.223e+17,0.03,0.71,pending,32,configs/runs/10M_middle_r2_full_s44.yaml,
80M_whole_r8_k4_s42,80M,896,whole,8,4,42,92683136,926679040 1376911360 1853358080 2754150400 3707043840 5508300800,1.4858,7631929344,2.370e+19,5.49,88.54,pending,33,configs/runs/80M_whole_r8_k4_s42.yaml,
80M_whole_r8_full_s42,80M,896,whole,8,0,42,92683136,926679040 1853358080 3707043840,1.0,4263051264,1.967e+19,4.55,75.14,pending,34,configs/runs/80M_whole_r8_full_s42.yaml,
80M_middle_r8_k4_s42,80M,896,middle,8,4,42,92683136,926679040 1300889600 1853358080 2601779200 3707043840 5203558400,1.4037,7281508352,1.384e+19,3.2,50.73,pending,35,configs/runs/80M_middle_r8_k4_s42.yaml,
80M_whole_r4_k2_s42,80M,896,whole,4,2,42,92683136,926679040 1364459520 1853358080 2729246720 3707043840 5458493440,1.4724,7574650880,1.209e+19,2.8,45.48,pending,36,configs/runs/80M_whole_r4_k2_s42.yaml,
80M_middle_r8_full_s42,80M,896,middle,8,0,42,92683136,926679040 1853358080 3707043840,1.0,4263051264,1.137e+19,2.63,42.51,pending,37,configs/runs/80M_middle_r8_full_s42.yaml,
80M_whole_r4_full_s42,80M,896,whole,4,0,42,92683136,926679040 1853358080 3707043840,1.0,4263051264,1.002e+19,2.32,38.39,pending,38,configs/runs/80M_whole_r4_full_s42.yaml,
40M_whole_r8_k4_s42,40M,640,whole,8,4,42,50145920,501350400 742809600 1002905600 1485619200 2005811200 2971443200,1.4814,4119142400,6.976e+18,1.61,32.36,pending,39,configs/runs/40M_whole_r8_k4_s42.yaml,
40M_whole_r8_k4_s43,40M,640,whole,8,4,43,50145920,501350400 742809600 1002905600 1485619200 2005811200 2971443200,1.4814,4119142400,6.976e+18,1.61,32.36,pending,40,configs/runs/40M_whole_r8_k4_s43.yaml,
40M_whole_r8_k4_s44,40M,640,whole,8,4,44,50145920,501350400 742809600 1002905600 1485619200 2005811200 2971443200,1.4814,4119142400,6.976e+18,1.61,32.36,pending,41,configs/runs/40M_whole_r8_k4_s44.yaml,
160M_dense_r1_s42,160M,1280,dense,1,0,42,179590400,897581056 1795686400 3591372800 7183269888,1.0,8440197939,1.016e+19,2.35,28.48,pending,42,configs/runs/160M_dense_r1_s42.yaml,
40M_whole_r8_full_s42,40M,640,whole,8,0,42,50145920,501350400 1002905600 2005811200,1.0,2306662400,5.787e+18,1.34,26.47,pending,43,configs/runs/40M_whole_r8_full_s42.yaml,
40M_whole_r8_full_s43,40M,640,whole,8,0,43,50145920,501350400 1002905600 2005811200,1.0,2306662400,5.787e+18,1.34,26.47,pending,44,configs/runs/40M_whole_r8_full_s43.yaml,
40M_whole_r8_full_s44,40M,640,whole,8,0,44,50145920,501350400 1002905600 2005811200,1.0,2306662400,5.787e+18,1.34,26.47,pending,45,configs/runs/40M_whole_r8_full_s44.yaml,
80M_middle_r4_k2_s42,80M,896,middle,4,2,42,92683136,926679040 1240268800 1853358080 2480865280 3707043840 4962058240,1.3385,7003701248,7.936e+18,1.84,23.17,pending,46,configs/runs/80M_middle_r4_k2_s42.yaml,
40M_middle_r8_k4_s42,40M,640,middle,8,4,42,50145920,501350400 700825600 1002905600 1401651200 2005811200 2803302400,1.3976,3925811200,4.089e+18,0.95,18.58,pending,47,configs/runs/40M_middle_r8_k4_s42.yaml,
40M_middle_r8_k4_s43,40M,640,middle,8,4,43,50145920,501350400 700825600 1002905600 1401651200 2005811200 2803302400,1.3976,3925811200,4.089e+18,0.95,18.58,pending,48,configs/runs/40M_middle_r8_k4_s43.yaml,
40M_middle_r8_k4_s44,40M,640,middle,8,4,44,50145920,501350400 700825600 1002905600 1401651200 2005811200 2803302400,1.3976,3925811200,4.089e+18,0.95,18.58,pending,49,configs/runs/40M_middle_r8_k4_s44.yaml,
80M_middle_r4_full_s42,80M,896,middle,4,0,42,92683136,926679040 1853358080 3707043840,1.0,4263051264,6.465e+18,1.5,18.14,pending,50,configs/runs/80M_middle_r4_full_s42.yaml,
80M_dense_r1_s42,80M,896,dense,1,0,42,92683136,463339520 926679040 1853358080 3707043840 7414415360,1.0,8804499456,5.671e+18,1.31,17.95,pending,51,configs/runs/80M_dense_r1_s42.yaml,
40M_whole_r4_k2_s42,40M,640,whole,4,2,42,50145920,501350400 734208000 1002905600 1468416000 2005811200 2936832000,1.4642,4079370240,3.582e+18,0.83,16.71,pending,52,configs/runs/40M_whole_r4_k2_s42.yaml,
40M_whole_r4_k2_s43,40M,640,whole,4,2,43,50145920,501350400 734208000 1002905600 1468416000 2005811200 2936832000,1.4642,4079370240,3.582e+18,0.83,16.71,pending,53,configs/runs/40M_whole_r4_k2_s43.yaml,
40M_whole_r4_k2_s44,40M,640,whole,4,2,44,50145920,501350400 734208000 1002905600 1468416000 2005811200 2936832000,1.4642,4079370240,3.582e+18,0.83,16.71,pending,54,configs/runs/40M_whole_r4_k2_s44.yaml,
80M_whole_r2_full_s42,80M,896,whole,2,0,42,92683136,926679040 1853358080 3707043840,1.0,4263051264,5.198e+18,1.2,15.76,pending,55,configs/runs/80M_whole_r2_full_s42.yaml,
40M_middle_r8_full_s42,40M,640,middle,8,0,42,50145920,501350400 1002905600 2005811200,1.0,2306662400,3.358e+18,0.78,15.02,pending,56,configs/runs/40M_middle_r8_full_s42.yaml,
40M_middle_r8_full_s43,40M,640,middle,8,0,43,50145920,501350400 1002905600 2005811200,1.0,2306662400,3.358e+18,0.78,15.02,pending,57,configs/runs/40M_middle_r8_full_s43.yaml,
40M_middle_r8_full_s44,40M,640,middle,8,0,44,50145920,501350400 1002905600 2005811200,1.0,2306662400,3.358e+18,0.78,15.02,pending,58,configs/runs/40M_middle_r8_full_s44.yaml,
40M_whole_r4_full_s42,40M,640,whole,4,0,42,50145920,501350400 1002905600 2005811200,1.0,2306662400,2.966e+18,0.69,13.58,pending,59,configs/runs/40M_whole_r4_full_s42.yaml,
40M_whole_r4_full_s43,40M,640,whole,4,0,43,50145920,501350400 1002905600 2005811200,1.0,2306662400,2.966e+18,0.69,13.58,pending,60,configs/runs/40M_whole_r4_full_s43.yaml,
40M_whole_r4_full_s44,40M,640,whole,4,0,44,50145920,501350400 1002905600 2005811200,1.0,2306662400,2.966e+18,0.69,13.58,pending,61,configs/runs/40M_whole_r4_full_s44.yaml,
80M_middle_r2_full_s42,80M,896,middle,2,0,42,92683136,926679040 1853358080 3707043840,1.0,4263051264,4.013e+18,0.93,12.34,pending,62,configs/runs/80M_middle_r2_full_s42.yaml,
20M_whole_r8_k4_s42,20M,448,whole,8,4,42,26844608,268435456 396099584 536870912 792330240 1073741824 1584791552,1.476,2198287155,2.013e+18,0.47,11.21,pending,63,configs/runs/20M_whole_r8_k4_s42.yaml,
20M_whole_r8_k4_s43,20M,448,whole,8,4,43,26844608,268435456 396099584 536870912 792330240 1073741824 1584791552,1.476,2198287155,2.013e+18,0.47,11.21,pending,64,configs/runs/20M_whole_r8_k4_s43.yaml,
20M_whole_r8_k4_s44,20M,448,whole,8,4,44,26844608,268435456 396099584 536870912 792330240 1073741824 1584791552,1.476,2198287155,2.013e+18,0.47,11.21,pending,65,configs/runs/20M_whole_r8_k4_s44.yaml,
20M_whole_r8_full_s42,20M,448,whole,8,0,42,26844608,268435456 536870912 1073741824,1.0,1234803098,1.669e+18,0.39,8.75,pending,66,configs/runs/20M_whole_r8_full_s42.yaml,
20M_whole_r8_full_s43,20M,448,whole,8,0,43,26844608,268435456 536870912 1073741824,1.0,1234803098,1.669e+18,0.39,8.75,pending,67,configs/runs/20M_whole_r8_full_s43.yaml,
20M_whole_r8_full_s44,20M,448,whole,8,0,44,26844608,268435456 536870912 1073741824,1.0,1234803098,1.669e+18,0.39,8.75,pending,68,configs/runs/20M_whole_r8_full_s44.yaml,
40M_middle_r4_k2_s42,40M,640,middle,4,2,42,50145920,501350400 666828800 1002905600 1333862400 2005811200 2667724800,1.33,3769876480,2.366e+18,0.55,8.39,pending,69,configs/runs/40M_middle_r4_k2_s42.yaml,
40M_middle_r4_k2_s43,40M,640,middle,4,2,43,50145920,501350400 666828800 1002905600 1333862400 2005811200 2667724800,1.33,3769876480,2.366e+18,0.55,8.39,pending,70,configs/runs/40M_middle_r4_k2_s43.yaml,
40M_middle_r4_k2_s44,40M,640,middle,4,2,44,50145920,501350400 666828800 1002905600 1333862400 2005811200 2667724800,1.33,3769876480,2.366e+18,0.55,8.39,pending,71,configs/runs/40M_middle_r4_k2_s44.yaml,
40M_dense_r1_s42,40M,640,dense,1,0,42,50145920,250675200 501350400 1002905600 2005811200 4011622400,1.0,4763770880,1.733e+18,0.4,6.59,pending,72,configs/runs/40M_dense_r1_s42.yaml,
40M_dense_r1_s43,40M,640,dense,1,0,43,50145920,250675200 501350400 1002905600 2005811200 4011622400,1.0,4763770880,1.733e+18,0.4,6.59,pending,73,configs/runs/40M_dense_r1_s43.yaml,
40M_dense_r1_s44,40M,640,dense,1,0,44,50145920,250675200 501350400 1002905600 2005811200 4011622400,1.0,4763770880,1.733e+18,0.4,6.59,pending,74,configs/runs/40M_dense_r1_s44.yaml,
20M_middle_r8_k4_s42,20M,448,middle,8,4,42,26844608,268435456 373161984 536870912 746323968 1073741824 1492647936,1.3901,2092354765,1.186e+18,0.27,6.54,pending,75,configs/runs/20M_middle_r8_k4_s42.yaml,
20M_middle_r8_k4_s43,20M,448,middle,8,4,43,26844608,268435456 373161984 536870912 746323968 1073741824 1492647936,1.3901,2092354765,1.186e+18,0.27,6.54,pending,76,configs/runs/20M_middle_r8_k4_s43.yaml,
20M_middle_r8_k4_s44,20M,448,middle,8,4,44,26844608,268435456 373161984 536870912 746323968 1073741824 1492647936,1.3901,2092354765,1.186e+18,0.27,6.54,pending,77,configs/runs/20M_middle_r8_k4_s44.yaml,
40M_middle_r4_full_s42,40M,640,middle,4,0,42,50145920,501350400 1002905600 2005811200,1.0,2306662400,1.925e+18,0.45,6.36,pending,78,configs/runs/40M_middle_r4_full_s42.yaml,
40M_middle_r4_full_s43,40M,640,middle,4,0,43,50145920,501350400 1002905600 2005811200,1.0,2306662400,1.925e+18,0.45,6.36,pending,79,configs/runs/40M_middle_r4_full_s43.yaml,
40M_middle_r4_full_s44,40M,640,middle,4,0,44,50145920,501350400 1002905600 2005811200,1.0,2306662400,1.925e+18,0.45,6.36,pending,80,configs/runs/40M_middle_r4_full_s44.yaml,
20M_whole_r4_k2_s42,20M,448,whole,4,2,42,26844608,268435456 390332416 536870912 780664832 1073741824 1561329664,1.4541,2171338752,1.042e+18,0.24,5.86,pending,81,configs/runs/20M_whole_r4_k2_s42.yaml,
20M_whole_r4_k2_s43,20M,448,whole,4,2,43,26844608,268435456 390332416 536870912 780664832 1073741824 1561329664,1.4541,2171338752,1.042e+18,0.24,5.86,pending,82,configs/runs/20M_whole_r4_k2_s43.yaml,
20M_whole_r4_k2_s44,20M,448,whole,4,2,44,26844608,268435456 390332416 536870912 780664832 1073741824 1561329664,1.4541,2171338752,1.042e+18,0.24,5.86,pending,83,configs/runs/20M_whole_r4_k2_s44.yaml,
40M_whole_r2_full_s42,40M,640,whole,2,0,42,50145920,501350400 1002905600 2005811200,1.0,2306662400,1.556e+18,0.36,5.69,pending,84,configs/runs/40M_whole_r2_full_s42.yaml,
40M_whole_r2_full_s43,40M,640,whole,2,0,43,50145920,501350400 1002905600 2005811200,1.0,2306662400,1.556e+18,0.36,5.69,pending,85,configs/runs/40M_whole_r2_full_s43.yaml,
40M_whole_r2_full_s44,40M,640,whole,2,0,44,50145920,501350400 1002905600 2005811200,1.0,2306662400,1.556e+18,0.36,5.69,pending,86,configs/runs/40M_whole_r2_full_s44.yaml,
20M_middle_r8_full_s42,20M,448,middle,8,0,42,26844608,268435456 536870912 1073741824,1.0,1234803098,9.729e+17,0.23,4.95,pending,87,configs/runs/20M_middle_r8_full_s42.yaml,
20M_middle_r8_full_s43,20M,448,middle,8,0,43,26844608,268435456 536870912 1073741824,1.0,1234803098,9.729e+17,0.23,4.95,pending,88,configs/runs/20M_middle_r8_full_s43.yaml,
20M_middle_r8_full_s44,20M,448,middle,8,0,44,26844608,268435456 536870912 1073741824,1.0,1234803098,9.729e+17,0.23,4.95,pending,89,configs/runs/20M_middle_r8_full_s44.yaml,
20M_whole_r4_full_s42,20M,448,whole,4,0,42,26844608,268435456 536870912 1073741824,1.0,1234803098,8.616e+17,0.2,4.6,pending,90,configs/runs/20M_whole_r4_full_s42.yaml,
20M_whole_r4_full_s43,20M,448,whole,4,0,43,26844608,268435456 536870912 1073741824,1.0,1234803098,8.616e+17,0.2,4.6,pending,91,configs/runs/20M_whole_r4_full_s43.yaml,
20M_whole_r4_full_s44,20M,448,whole,4,0,44,26844608,268435456 536870912 1073741824,1.0,1234803098,8.616e+17,0.2,4.6,pending,92,configs/runs/20M_whole_r4_full_s44.yaml,
40M_middle_r2_full_s42,40M,640,middle,2,0,42,50145920,501350400 1002905600 2005811200,1.0,2306662400,1.209e+18,0.28,4.48,pending,93,configs/runs/40M_middle_r2_full_s42.yaml,
40M_middle_r2_full_s43,40M,640,middle,2,0,43,50145920,501350400 1002905600 2005811200,1.0,2306662400,1.209e+18,0.28,4.48,pending,94,configs/runs/40M_middle_r2_full_s43.yaml,
40M_middle_r2_full_s44,40M,640,middle,2,0,44,50145920,501350400 1002905600 2005811200,1.0,2306662400,1.209e+18,0.28,4.48,pending,95,configs/runs/40M_middle_r2_full_s44.yaml,
20M_middle_r4_k2_s42,20M,448,middle,4,2,42,26844608,268435456 354287616 536870912 708575232 1073741824 1417150464,1.3198,2005532672,6.933e+17,0.16,3.3,pending,96,configs/runs/20M_middle_r4_k2_s42.yaml,
20M_middle_r4_k2_s43,20M,448,middle,4,2,43,26844608,268435456 354287616 536870912 708575232 1073741824 1417150464,1.3198,2005532672,6.933e+17,0.16,3.3,pending,97,configs/runs/20M_middle_r4_k2_s43.yaml,
20M_middle_r4_k2_s44,20M,448,middle,4,2,44,26844608,268435456 354287616 536870912 708575232 1073741824 1417150464,1.3198,2005532672,6.933e+17,0.16,3.3,pending,98,configs/runs/20M_middle_r4_k2_s44.yaml,
20M_middle_r4_full_s42,20M,448,middle,4,0,42,26844608,268435456 536870912 1073741824,1.0,1234803098,5.634e+17,0.13,2.39,pending,99,configs/runs/20M_middle_r4_full_s42.yaml,
20M_middle_r4_full_s43,20M,448,middle,4,0,43,26844608,268435456 536870912 1073741824,1.0,1234803098,5.634e+17,0.13,2.39,pending,100,configs/runs/20M_middle_r4_full_s43.yaml,
20M_middle_r4_full_s44,20M,448,middle,4,0,44,26844608,268435456 536870912 1073741824,1.0,1234803098,5.634e+17,0.13,2.39,pending,101,configs/runs/20M_middle_r4_full_s44.yaml,
20M_dense_r1_s42,20M,448,dense,1,0,42,26844608,134217728 268435456 536870912 1073741824 2147483648,1.0,2550136832,5.229e+17,0.12,2.33,pending,102,configs/runs/20M_dense_r1_s42.yaml,
20M_dense_r1_s43,20M,448,dense,1,0,43,26844608,134217728 268435456 536870912 1073741824 2147483648,1.0,2550136832,5.229e+17,0.12,2.33,pending,103,configs/runs/20M_dense_r1_s43.yaml,
20M_dense_r1_s44,20M,448,dense,1,0,44,26844608,134217728 268435456 536870912 1073741824 2147483648,1.0,2550136832,5.229e+17,0.12,2.33,pending,104,configs/runs/20M_dense_r1_s44.yaml,
20M_whole_r2_full_s42,20M,448,whole,2,0,42,26844608,268435456 536870912 1073741824,1.0,1234803098,4.580e+17,0.11,1.96,pending,105,configs/runs/20M_whole_r2_full_s42.yaml,
20M_whole_r2_full_s43,20M,448,whole,2,0,43,26844608,268435456 536870912 1073741824,1.0,1234803098,4.580e+17,0.11,1.96,pending,106,configs/runs/20M_whole_r2_full_s43.yaml,
20M_whole_r2_full_s44,20M,448,whole,2,0,44,26844608,268435456 536870912 1073741824,1.0,1234803098,4.580e+17,0.11,1.96,pending,107,configs/runs/20M_whole_r2_full_s44.yaml,
20M_middle_r2_full_s42,20M,448,middle,2,0,42,26844608,268435456 536870912 1073741824,1.0,1234803098,3.586e+17,0.08,1.57,pending,108,configs/runs/20M_middle_r2_full_s42.yaml,
20M_middle_r2_full_s43,20M,448,middle,2,0,43,26844608,268435456 536870912 1073741824,1.0,1234803098,3.586e+17,0.08,1.57,pending,109,configs/runs/20M_middle_r2_full_s43.yaml,
20M_middle_r2_full_s44,20M,448,middle,2,0,44,26844608,268435456 536870912 1073741824,1.0,1234803098,3.586e+17,0.08,1.57,pending,110,configs/runs/20M_middle_r2_full_s44.yaml,
