run,ckpt,r_train,loop,lens,adapter,linear,cos_to_final,match_final,cos_next,rel_change,agree_next
20M_middle_r8_full_rs1to8_s42,branch_858914816,8,1,3.57287,3.53462,5.02359,0.95751,0.81007,0.95001,0.33998,0.81354
20M_middle_r8_full_rs1to8_s42,branch_858914816,8,2,3.51897,3.4876,4.96843,0.99145,0.91478,0.98698,0.15771,0.90483
20M_middle_r8_full_rs1to8_s42,branch_858914816,8,3,3.50825,3.47601,4.94825,0.99748,0.95538,0.99566,0.08957,0.94596
20M_middle_r8_full_rs1to8_s42,branch_858914816,8,4,3.5049,3.4731,4.9442,0.99915,0.97396,0.9984,0.0534,0.96704
20M_middle_r8_full_rs1to8_s42,branch_858914816,8,5,3.50411,3.47243,4.94251,0.99966,0.9826,0.99936,0.03307,0.97842
20M_middle_r8_full_rs1to8_s42,branch_858914816,8,6,3.50394,3.47216,4.94195,0.99985,0.98656,0.99971,0.02162,0.98439
20M_middle_r8_full_rs1to8_s42,branch_858914816,8,7,3.50388,3.47209,4.94184,0.99985,0.98727,0.99985,0.01527,0.98727
20M_middle_r8_full_rs1to8_s42,branch_858914816,8,8,3.50387,3.47207,4.94175,1.0,1.0,0.9999,0.01185,0.98894
20M_middle_r8_full_rs1to8_s42,branch_858914816,8,9,3.50381,3.47202,4.94172,0.9999,0.98894,0.99993,0.01007,0.98982
20M_middle_r8_full_rs1to8_s42,branch_858914816,8,10,3.50387,3.47208,4.94171,0.99995,0.98999,0.99994,0.00918,0.99028
20M_middle_r8_full_rs1to8_s42,branch_858914816,8,11,3.50386,3.47207,4.94174,0.99993,0.98983,0.99994,0.00873,0.99038
20M_middle_r8_full_rs1to8_s42,branch_858914816,8,12,3.50386,3.47205,4.9417,0.99995,0.99003,0.99995,0.0085,0.9904
20M_middle_r8_full_rs1to8_s42,branch_858914816,8,13,3.50382,3.47208,4.94173,0.99993,0.98968,0.99995,0.00838,0.99052
20M_middle_r8_full_rs1to8_s42,branch_858914816,8,14,3.50385,3.47206,4.9417,0.99995,0.99001,0.99995,0.00832,0.99056
20M_middle_r8_full_rs1to8_s42,branch_858914816,8,15,3.50382,3.47204,4.94172,0.99993,0.98986,0.99995,0.00828,0.99048
20M_middle_r8_full_rs1to8_s42,branch_858914816,8,16,3.50384,3.47206,4.94168,0.99995,0.98998,,,
20M_middle_r8_full_s42,branch_858914816,8,1,4.74345,3.87374,5.49116,0.8399,0.41501,0.90979,0.48789,0.55668
20M_middle_r8_full_s42,branch_858914816,8,2,4.23088,3.68046,5.35947,0.89496,0.54418,0.96262,0.29776,0.71891
20M_middle_r8_full_s42,branch_858914816,8,3,3.89278,3.57898,5.22625,0.92564,0.64814,0.97839,0.21277,0.80174
20M_middle_r8_full_s42,branch_858914816,8,4,3.73071,3.52196,5.13555,0.94263,0.71062,0.98537,0.1708,0.85061
20M_middle_r8_full_s42,branch_858914816,8,5,3.68569,3.49782,5.08004,0.94897,0.73231,0.98691,0.16047,0.85902
20M_middle_r8_full_s42,branch_858914816,8,6,3.72864,3.4969,5.06974,0.94378,0.71497,0.97759,0.22245,0.77088
20M_middle_r8_full_s42,branch_858914816,8,7,4.0033,3.53132,5.13236,0.92103,0.62596,0.92103,0.77995,0.62596
20M_middle_r8_full_s42,branch_858914816,8,8,3.45264,3.42533,4.856,1.0,1.0,0.83852,0.54433,0.47055
20M_middle_r8_full_s42,branch_858914816,8,9,4.75284,3.60051,5.29857,0.83852,0.47055,0.84343,0.53098,0.50023
20M_middle_r8_full_s42,branch_858914816,8,10,4.01256,3.58466,5.20135,0.90268,0.61256,0.89526,0.48478,0.64441
20M_middle_r8_full_s42,branch_858914816,8,11,3.73998,3.53429,5.10192,0.94602,0.71677,0.92923,0.37545,0.71626
20M_middle_r8_full_s42,branch_858914816,8,12,3.77162,3.53937,5.12083,0.93627,0.70238,0.94754,0.3175,0.74632
20M_middle_r8_full_s42,branch_858914816,8,13,3.74111,3.5198,5.09258,0.94237,0.71776,0.95229,0.29842,0.7373
20M_middle_r8_full_s42,branch_858914816,8,14,3.89195,3.53609,5.14362,0.92799,0.66209,0.9422,0.45723,0.68966
20M_middle_r8_full_s42,branch_858914816,8,15,3.50591,3.45224,4.94986,0.98127,0.85732,0.9186,0.38489,0.61584
20M_middle_r8_full_s42,branch_858914816,8,16,4.19119,3.57479,5.22003,0.89576,0.58933,,,
20M_middle_r8_full_s43,branch_858914816,8,1,4.96636,3.87236,5.58927,0.836,0.38229,0.9254,0.44179,0.53065
20M_middle_r8_full_s43,branch_858914816,8,2,4.4111,3.70928,5.49018,0.87346,0.49475,0.96715,0.27153,0.70979
20M_middle_r8_full_s43,branch_858914816,8,3,4.09894,3.61949,5.37973,0.90079,0.57353,0.97889,0.20731,0.78691
20M_middle_r8_full_s43,branch_858914816,8,4,3.93241,3.56728,5.27021,0.92036,0.62657,0.98321,0.18078,0.81707
20M_middle_r8_full_s43,branch_858914816,8,5,3.88135,3.54735,5.2123,0.92623,0.64923,0.98495,0.17001,0.82761
20M_middle_r8_full_s43,branch_858914816,8,6,3.88875,3.53863,5.20377,0.92818,0.65286,0.97799,0.21015,0.72986
20M_middle_r8_full_s43,branch_858914816,8,7,4.37473,3.58935,5.32547,0.90509,0.5476,0.90509,0.82169,0.5476
20M_middle_r8_full_s43,branch_858914816,8,8,3.46172,3.43576,4.88741,1.0,1.0,0.79761,0.59445,0.34923
20M_middle_r8_full_s43,branch_858914816,8,9,5.58104,3.66359,5.4888,0.79761,0.34923,0.81362,0.57373,0.42081
20M_middle_r8_full_s43,branch_858914816,8,10,4.2999,3.64872,5.3598,0.87673,0.53272,0.87781,0.51849,0.59057
20M_middle_r8_full_s43,branch_858914816,8,11,3.86301,3.57565,5.19661,0.9309,0.65679,0.91995,0.39505,0.67558
20M_middle_r8_full_s43,branch_858914816,8,12,3.96902,3.59233,5.24853,0.91485,0.6271,0.94085,0.33137,0.69907
20M_middle_r8_full_s43,branch_858914816,8,13,3.99904,3.59014,5.28454,0.91343,0.6209,0.95239,0.31463,0.71952
20M_middle_r8_full_s43,branch_858914816,8,14,3.81996,3.53379,5.18984,0.94101,0.69226,0.95847,0.33749,0.73648
20M_middle_r8_full_s43,branch_858914816,8,15,3.58645,3.48972,5.06599,0.96361,0.7875,0.93517,0.34754,0.58668
20M_middle_r8_full_s43,branch_858914816,8,16,4.49674,3.63943,5.37522,0.87969,0.51819,,,
20M_middle_r8_full_s44,branch_858914816,8,1,5.17191,3.90312,5.53889,0.83122,0.34699,0.92196,0.49195,0.56085
20M_middle_r8_full_s44,branch_858914816,8,2,4.54657,3.70907,5.42525,0.88061,0.46838,0.96558,0.27371,0.69806
20M_middle_r8_full_s44,branch_858914816,8,3,4.21489,3.62245,5.31955,0.90175,0.549,0.97958,0.20768,0.77074
20M_middle_r8_full_s44,branch_858914816,8,4,3.97815,3.56696,5.23131,0.91714,0.61943,0.98535,0.17312,0.81138
20M_middle_r8_full_s44,branch_858914816,8,5,3.8303,3.53279,5.15342,0.92844,0.67134,0.98579,0.16887,0.82335
20M_middle_r8_full_s44,branch_858914816,8,6,3.95419,3.54494,5.17707,0.91361,0.63487,0.97871,0.20896,0.71332
20M_middle_r8_full_s44,branch_858914816,8,7,4.41743,3.591,5.26418,0.8935,0.53115,0.8935,0.91747,0.53115
20M_middle_r8_full_s44,branch_858914816,8,8,3.45934,3.43246,4.87063,1.0,1.0,0.76524,0.63499,0.30442
20M_middle_r8_full_s44,branch_858914816,8,9,6.0213,3.67824,5.50612,0.76524,0.30442,0.77057,0.63509,0.35969
20M_middle_r8_full_s44,branch_858914816,8,10,4.47033,3.65938,5.34726,0.85214,0.49997,0.84845,0.56188,0.55239
20M_middle_r8_full_s44,branch_858914816,8,11,4.03331,3.60644,5.22782,0.91127,0.61307,0.90474,0.453,0.64529
20M_middle_r8_full_s44,branch_858914816,8,12,3.91594,3.58598,5.18099,0.92042,0.64778,0.92295,0.37346,0.6447
20M_middle_r8_full_s44,branch_858914816,8,13,4.21357,3.62342,5.27684,0.89527,0.58073,0.93228,0.35284,0.6654
20M_middle_r8_full_s44,branch_858914816,8,14,4.11108,3.58116,5.22776,0.91286,0.60654,0.92084,0.59429,0.62016
20M_middle_r8_full_s44,branch_858914816,8,15,3.52269,3.46706,4.96707,0.97998,0.85243,0.84024,0.53225,0.38774
20M_middle_r8_full_s44,branch_858914816,8,16,5.51064,3.69538,5.48876,0.80306,0.36892,,,
20M_middle_r8_k4_rs1to8_s42,branch_858914816,8,1,3.56584,3.52763,5.02805,0.95962,0.81435,0.95277,0.32884,0.81812
20M_middle_r8_k4_rs1to8_s42,branch_858914816,8,2,3.51137,3.48101,4.97021,0.99202,0.91673,0.98799,0.15132,0.90752
20M_middle_r8_k4_rs1to8_s42,branch_858914816,8,3,3.5006,3.4698,4.95231,0.99771,0.95713,0.99611,0.08481,0.94834
20M_middle_r8_k4_rs1to8_s42,branch_858914816,8,4,3.49743,3.46715,4.94853,0.99925,0.97503,0.99861,0.04989,0.96875
20M_middle_r8_k4_rs1to8_s42,branch_858914816,8,5,3.49667,3.46643,4.94693,0.99971,0.98331,0.99946,0.0305,0.97934
20M_middle_r8_k4_rs1to8_s42,branch_858914816,8,6,3.49651,3.46619,4.94658,0.99987,0.98706,0.99976,0.01981,0.98501
20M_middle_r8_k4_rs1to8_s42,branch_858914816,8,7,3.49644,3.46614,4.94642,0.99988,0.98785,0.99988,0.01402,0.98785
20M_middle_r8_k4_rs1to8_s42,branch_858914816,8,8,3.49638,3.46605,4.94635,1.0,1.0,0.99992,0.011,0.98927
20M_middle_r8_k4_rs1to8_s42,branch_858914816,8,9,3.49639,3.46608,4.94631,0.99992,0.98927,0.99994,0.00948,0.99001
20M_middle_r8_k4_rs1to8_s42,branch_858914816,8,10,3.49639,3.46606,4.94631,0.99996,0.99034,0.99995,0.00873,0.9902
20M_middle_r8_k4_rs1to8_s42,branch_858914816,8,11,3.49638,3.46608,4.94632,0.99995,0.99004,0.99995,0.00837,0.99045
20M_middle_r8_k4_rs1to8_s42,branch_858914816,8,12,3.49637,3.46606,4.94631,0.99996,0.99024,0.99996,0.00819,0.99056
20M_middle_r8_k4_rs1to8_s42,branch_858914816,8,13,3.49637,3.46606,4.94632,0.99995,0.98999,0.99996,0.0081,0.99056
20M_middle_r8_k4_rs1to8_s42,branch_858914816,8,14,3.49638,3.46608,4.94632,0.99996,0.99029,0.99996,0.00805,0.9907
20M_middle_r8_k4_rs1to8_s42,branch_858914816,8,15,3.4964,3.46607,4.94633,0.99995,0.99008,0.99996,0.00802,0.99067
20M_middle_r8_k4_rs1to8_s42,branch_858914816,8,16,3.49638,3.46607,4.9463,0.99996,0.99021,,,
20M_whole_r8_k4_s42,branch_858914816,8,1,5.4906,4.91932,5.32128,0.73049,0.27836,0.77201,0.65818,0.3874
20M_whole_r8_k4_s42,branch_858914816,8,2,5.2222,4.44649,4.97207,0.72785,0.38801,0.81181,0.59155,0.47002
20M_whole_r8_k4_s42,branch_858914816,8,3,4.66697,4.09813,4.53149,0.77922,0.4907,0.85859,0.71678,0.56344
20M_whole_r8_k4_s42,branch_858914816,8,4,3.65027,3.58808,3.79196,0.94808,0.75088,0.93189,0.39691,0.74112
20M_whole_r8_k4_s42,branch_858914816,8,5,3.69873,3.59683,3.82987,0.92631,0.74135,0.93144,0.3805,0.72651
20M_whole_r8_k4_s42,branch_858914816,8,6,4.0155,3.7499,4.06742,0.85006,0.63617,0.94797,0.31608,0.75589
20M_whole_r8_k4_s42,branch_858914816,8,7,4.04999,3.73018,4.05562,0.84789,0.62921,0.84789,1.09746,0.62921
20M_whole_r8_k4_s42,branch_858914816,8,8,3.44152,3.42199,3.57911,1.0,1.0,0.84423,0.56051,0.63093
20M_whole_r8_k4_s42,branch_858914816,8,9,4.04784,3.73343,4.0727,0.84423,0.63093,0.88727,0.46484,0.66069
20M_whole_r8_k4_s42,branch_858914816,8,10,4.2186,3.83154,4.19091,0.82028,0.58849,0.91816,0.4853,0.68261
20M_whole_r8_k4_s42,branch_858914816,8,11,3.67485,3.55682,3.78365,0.92568,0.75702,0.92409,0.61655,0.75225
20M_whole_r8_k4_s42,branch_858914816,8,12,3.49104,3.45867,3.6359,0.98106,0.8783,0.89009,0.48256,0.67229
20M_whole_r8_k4_s42,branch_858914816,8,13,4.05147,3.75691,4.08686,0.84176,0.62659,0.91925,0.39215,0.70823
20M_whole_r8_k4_s42,branch_858914816,8,14,4.1347,3.7809,4.12297,0.8347,0.60994,0.86449,0.90247,0.63477
20M_whole_r8_k4_s42,branch_858914816,8,15,3.46731,3.44267,3.60705,0.99013,0.91449,0.89318,0.46954,0.70227
20M_whole_r8_k4_s42,branch_858914816,8,16,3.82936,3.64613,3.92198,0.88933,0.69742,,,
40M_middle_r8_full_s42,branch_1604608000,8,1,5.88327,3.88314,5.66453,0.84009,0.25182,0.95836,0.37457,0.48927
40M_middle_r8_full_s42,branch_1604608000,8,2,4.98352,3.62517,5.48888,0.88104,0.37853,0.98284,0.20984,0.73008
40M_middle_r8_full_s42,branch_1604608000,8,3,4.55858,3.49904,5.35071,0.90164,0.4459,0.99031,0.14954,0.78004
40M_middle_r8_full_s42,branch_1604608000,8,4,4.19271,3.41864,5.2336,0.91934,0.52442,0.99258,0.12255,0.82333
40M_middle_r8_full_s42,branch_1604608000,8,5,4.01613,3.37498,5.15608,0.93134,0.57658,0.99233,0.12556,0.83646
40M_middle_r8_full_s42,branch_1604608000,8,6,3.95536,3.35464,5.1103,0.93772,0.60197,0.98888,0.15032,0.79194
40M_middle_r8_full_s42,branch_1604608000,8,7,4.19805,3.37303,5.15562,0.93486,0.56504,0.93486,0.81495,0.56504
40M_middle_r8_full_s42,branch_1604608000,8,8,3.2686,3.2367,4.58716,1.0,1.0,0.77875,0.62011,0.2304
40M_middle_r8_full_s42,branch_1604608000,8,9,6.74479,3.49126,5.44973,0.77875,0.2304,0.72598,0.68927,0.22174
40M_middle_r8_full_s42,branch_1604608000,8,10,5.56712,3.60291,5.53072,0.79692,0.27959,0.76772,0.67857,0.3984
40M_middle_r8_full_s42,branch_1604608000,8,11,5.58321,3.76275,5.64717,0.82852,0.29215,0.82998,0.63674,0.44604
40M_middle_r8_full_s42,branch_1604608000,8,12,4.40305,3.62045,5.31856,0.88883,0.47713,0.85702,0.52828,0.49748
40M_middle_r8_full_s42,branch_1604608000,8,13,4.65043,3.5907,5.38025,0.87817,0.46584,0.86321,0.52371,0.51165
40M_middle_r8_full_s42,branch_1604608000,8,14,4.24726,3.51421,5.26646,0.90139,0.54257,0.87694,0.59452,0.56081
40M_middle_r8_full_s42,branch_1604608000,8,15,3.60963,3.39559,4.96002,0.94158,0.69843,0.84189,0.53019,0.37981
40M_middle_r8_full_s42,branch_1604608000,8,16,5.72811,3.61382,5.56891,0.83315,0.33982,,,
40M_middle_r8_full_s43,branch_1604608000,8,1,5.61871,3.85447,5.68199,0.85312,0.28552,0.96235,0.33649,0.55379
40M_middle_r8_full_s43,branch_1604608000,8,2,4.72153,3.59253,5.44173,0.89578,0.41464,0.9828,0.2107,0.72337
40M_middle_r8_full_s43,branch_1604608000,8,3,4.22533,3.4635,5.27332,0.91713,0.51195,0.98958,0.14684,0.78646
40M_middle_r8_full_s43,branch_1604608000,8,4,3.92333,3.39512,5.16923,0.9278,0.58807,0.99094,0.13487,0.82393
40M_middle_r8_full_s43,branch_1604608000,8,5,3.77498,3.35816,5.08826,0.93358,0.63454,0.9906,0.13965,0.82779
40M_middle_r8_full_s43,branch_1604608000,8,6,3.7082,3.34039,5.02364,0.93538,0.65714,0.98623,0.1677,0.7953
40M_middle_r8_full_s43,branch_1604608000,8,7,3.85641,3.35985,5.03072,0.93045,0.62438,0.93045,0.89342,0.62438
40M_middle_r8_full_s43,branch_1604608000,8,8,3.27125,3.23985,4.61131,1.0,1.0,0.85845,0.50436,0.46051
40M_middle_r8_full_s43,branch_1604608000,8,9,4.63865,3.41404,5.1612,0.85845,0.46051,0.80976,0.60408,0.28057
40M_middle_r8_full_s43,branch_1604608000,8,10,6.386,3.63941,5.60435,0.7785,0.21822,0.79916,0.62462,0.30394
40M_middle_r8_full_s43,branch_1604608000,8,11,5.06474,3.71386,5.52714,0.84424,0.35672,0.85596,0.63909,0.48944
40M_middle_r8_full_s43,branch_1604608000,8,12,4.16891,3.58393,5.22094,0.90297,0.53155,0.88177,0.51892,0.56111
40M_middle_r8_full_s43,branch_1604608000,8,13,4.04473,3.51937,5.1788,0.90253,0.57636,0.87054,0.48398,0.52587
40M_middle_r8_full_s43,branch_1604608000,8,14,4.55331,3.56704,5.34575,0.87343,0.493,0.85324,0.79598,0.5059
40M_middle_r8_full_s43,branch_1604608000,8,15,3.46136,3.35261,4.84614,0.96012,0.76681,0.83424,0.55078,0.45525
40M_middle_r8_full_s43,branch_1604608000,8,16,4.70607,3.50494,5.29358,0.8532,0.44093,,,
40M_middle_r8_full_s44,branch_1604608000,8,1,5.75902,3.84221,5.76309,0.84568,0.26281,0.96843,0.30499,0.5272
40M_middle_r8_full_s44,branch_1604608000,8,2,5.08237,3.61779,5.58449,0.87907,0.36927,0.98617,0.18659,0.73298
40M_middle_r8_full_s44,branch_1604608000,8,3,4.64871,3.4937,5.41244,0.90125,0.44606,0.99157,0.13653,0.78846
40M_middle_r8_full_s44,branch_1604608000,8,4,4.33452,3.41769,5.2778,0.91832,0.51359,0.99315,0.11783,0.81965
40M_middle_r8_full_s44,branch_1604608000,8,5,4.09241,3.36965,5.15327,0.93272,0.57716,0.99348,0.11485,0.84824
40M_middle_r8_full_s44,branch_1604608000,8,6,4.04915,3.35047,5.09441,0.93941,0.60178,0.99095,0.14187,0.82033
40M_middle_r8_full_s44,branch_1604608000,8,7,4.21428,3.37968,5.14311,0.93452,0.57613,0.93452,0.72434,0.57613
40M_middle_r8_full_s44,branch_1604608000,8,8,3.27209,3.23829,4.56181,1.0,1.0,0.80089,0.58576,0.2353
40M_middle_r8_full_s44,branch_1604608000,8,9,6.60979,3.50132,5.48228,0.80089,0.2353,0.77814,0.62208,0.25552
40M_middle_r8_full_s44,branch_1604608000,8,10,5.76205,3.5922,5.56291,0.81883,0.2719,0.81502,0.65682,0.39017
40M_middle_r8_full_s44,branch_1604608000,8,11,4.60927,3.64409,5.35892,0.88551,0.43059,0.85298,0.53914,0.48143
40M_middle_r8_full_s44,branch_1604608000,8,12,5.05738,3.65529,5.49963,0.86887,0.39502,0.8674,0.49875,0.49062
40M_middle_r8_full_s44,branch_1604608000,8,13,4.47145,3.53934,5.33316,0.89268,0.49107,0.88008,0.50376,0.54461
40M_middle_r8_full_s44,branch_1604608000,8,14,4.07271,3.46167,5.17331,0.91747,0.58549,0.89652,0.53286,0.58953
40M_middle_r8_full_s44,branch_1604608000,8,15,3.63435,3.38187,4.95818,0.94366,0.70184,0.87104,0.48341,0.38281
40M_middle_r8_full_s44,branch_1604608000,8,16,5.69106,3.60435,5.58138,0.84884,0.33666,,,
40M_whole_r8_k4_s42,branch_1604608000,8,1,5.06266,4.43351,4.70118,0.73024,0.34435,0.81081,0.61135,0.468
40M_whole_r8_k4_s42,branch_1604608000,8,2,4.68865,4.09446,4.36157,0.73412,0.45546,0.87305,0.49685,0.55104
40M_whole_r8_k4_s42,branch_1604608000,8,3,4.46472,3.86793,4.10209,0.7368,0.52043,0.82158,1.1604,0.58122
40M_whole_r8_k4_s42,branch_1604608000,8,4,3.40451,3.35953,3.39275,0.96282,0.79536,0.84818,0.5635,0.62838
40M_whole_r8_k4_s42,branch_1604608000,8,5,3.99423,3.63562,3.82579,0.81092,0.60929,0.90729,0.42028,0.68644
40M_whole_r8_k4_s42,branch_1604608000,8,6,4.13621,3.69447,3.89868,0.7799,0.58375,0.95344,0.31422,0.75484
40M_whole_r8_k4_s42,branch_1604608000,8,7,4.04378,3.61605,3.81573,0.80098,0.6153,0.80098,1.55842,0.6153
40M_whole_r8_k4_s42,branch_1604608000,8,8,3.26869,3.24627,3.26251,1.0,1.0,0.77185,0.67498,0.55153
40M_whole_r8_k4_s42,branch_1604608000,8,9,4.28299,3.65111,3.97362,0.77185,0.55153,0.84497,0.53889,0.58921
40M_whole_r8_k4_s42,branch_1604608000,8,10,4.38499,3.78494,4.03867,0.74732,0.53757,0.9278,0.39775,0.68297
40M_whole_r8_k4_s42,branch_1604608000,8,11,4.07275,3.6289,3.83143,0.79685,0.60793,0.79674,1.56179,0.61014
40M_whole_r8_k4_s42,branch_1604608000,8,12,3.27163,3.24894,3.26586,0.99854,0.95588,0.77185,0.67448,0.55225
40M_whole_r8_k4_s42,branch_1604608000,8,13,4.28562,3.65311,3.97613,0.77121,0.5504,0.84409,0.54003,0.58823
40M_whole_r8_k4_s42,branch_1604608000,8,14,4.39154,3.78723,4.04207,0.74651,0.53675,0.92619,0.40785,0.68043
40M_whole_r8_k4_s42,branch_1604608000,8,15,4.04088,3.61725,3.81292,0.80264,0.61551,0.80426,1.5076,0.61845
40M_whole_r8_k4_s42,branch_1604608000,8,16,3.27776,3.25468,3.27232,0.99661,0.94772,,,
40M_whole_r8_k4_s44,branch_1604608000,8,1,4.97071,4.423,4.61586,0.71832,0.35385,0.71805,0.70124,0.47847
40M_whole_r8_k4_s44,branch_1604608000,8,2,4.66114,4.14038,4.3386,0.73183,0.44931,0.77257,0.63554,0.51387
40M_whole_r8_k4_s44,branch_1604608000,8,3,4.36595,3.8838,4.0183,0.73925,0.51852,0.77765,1.28722,0.56063
40M_whole_r8_k4_s44,branch_1604608000,8,4,3.45402,3.39605,3.4161,0.96278,0.79579,0.81314,0.60192,0.63644
40M_whole_r8_k4_s44,branch_1604608000,8,5,3.98211,3.63941,3.77057,0.81311,0.63108,0.86145,0.501,0.68796
40M_whole_r8_k4_s44,branch_1604608000,8,6,3.89378,3.61346,3.71433,0.82394,0.64412,0.88763,0.46321,0.69947
40M_whole_r8_k4_s44,branch_1604608000,8,7,4.02762,3.62433,3.7335,0.78547,0.61105,0.78547,1.4589,0.61105
40M_whole_r8_k4_s44,branch_1604608000,8,8,3.35255,3.30504,3.31914,1.0,1.0,0.79104,0.63613,0.61556
40M_whole_r8_k4_s44,branch_1604608000,8,9,4.04661,3.63072,3.79832,0.79104,0.61556,0.84619,0.53748,0.66427
40M_whole_r8_k4_s44,branch_1604608000,8,10,3.87541,3.60236,3.69934,0.82441,0.64597,0.87586,0.51571,0.69103
40M_whole_r8_k4_s44,branch_1604608000,8,11,3.98696,3.6117,3.71466,0.8011,0.62971,0.80724,1.23232,0.63265
40M_whole_r8_k4_s44,branch_1604608000,8,12,3.40397,3.34395,3.36492,0.98335,0.90675,0.81276,0.60049,0.63589
40M_whole_r8_k4_s44,branch_1604608000,8,13,4.04219,3.64369,3.79838,0.78663,0.61479,0.85221,0.61433,0.67196
40M_whole_r8_k4_s44,branch_1604608000,8,14,3.68884,3.51287,3.57759,0.87325,0.70961,0.87518,0.50532,0.69896
40M_whole_r8_k4_s44,branch_1604608000,8,15,3.98032,3.62067,3.72787,0.8079,0.63858,0.83235,0.98294,0.65805
40M_whole_r8_k4_s44,branch_1604608000,8,16,3.4896,3.40066,3.43405,0.95239,0.84297,,,
80M_middle_r8_full_s42,branch_2965504000,8,1,6.25391,3.77539,5.61324,0.82859,0.22073,0.97081,0.35049,0.55369
80M_middle_r8_full_s42,branch_2965504000,8,2,5.19733,3.49928,5.37435,0.86174,0.33102,0.98671,0.19174,0.66611
80M_middle_r8_full_s42,branch_2965504000,8,3,4.52551,3.34518,5.1672,0.88359,0.4315,0.9906,0.14264,0.75716
80M_middle_r8_full_s42,branch_2965504000,8,4,4.11366,3.25738,5.00897,0.90106,0.51172,0.99157,0.13013,0.80287
80M_middle_r8_full_s42,branch_2965504000,8,5,3.89653,3.20977,4.89869,0.91372,0.56409,0.99067,0.14015,0.81053
80M_middle_r8_full_s42,branch_2965504000,8,6,3.86888,3.19131,4.83,0.92076,0.58072,0.98565,0.17,0.78682
80M_middle_r8_full_s42,branch_2965504000,8,7,3.90276,3.19669,4.78935,0.9244,0.58861,0.9244,1.0733,0.58861
80M_middle_r8_full_s42,branch_2965504000,8,8,3.0848,3.06282,4.31973,1.0,1.0,0.80157,0.59468,0.37483
80M_middle_r8_full_s42,branch_2965504000,8,9,5.27114,3.2484,5.08782,0.80157,0.37483,0.69207,0.72274,0.07543
80M_middle_r8_full_s42,branch_2965504000,8,10,7.74754,3.47066,5.65628,0.66381,0.05395,0.63898,0.80817,0.08907
80M_middle_r8_full_s42,branch_2965504000,8,11,6.56298,3.59263,5.6634,0.72314,0.15218,0.7027,0.93657,0.28513
80M_middle_r8_full_s42,branch_2965504000,8,12,4.5419,3.49446,5.22512,0.84013,0.402,0.74886,0.72294,0.43334
80M_middle_r8_full_s42,branch_2965504000,8,13,5.15979,3.53194,5.37035,0.81484,0.36084,0.724,0.70355,0.37148
80M_middle_r8_full_s42,branch_2965504000,8,14,5.35394,3.61832,5.47655,0.78943,0.31517,0.71898,0.91312,0.37544
80M_middle_r8_full_s42,branch_2965504000,8,15,3.98781,3.48902,5.08854,0.87174,0.52707,0.73064,0.73028,0.40682
80M_middle_r8_full_s42,branch_2965504000,8,16,5.20877,3.602,5.47459,0.8035,0.34663,,,
80M_whole_r8_k4_s42,branch_2965504000,8,1,5.3253,4.57192,4.81466,0.74971,0.28364,0.74698,0.67563,0.37101
80M_whole_r8_k4_s42,branch_2965504000,8,2,5.42979,4.34063,4.67104,0.71104,0.34361,0.81243,0.59285,0.45173
80M_whole_r8_k4_s42,branch_2965504000,8,3,4.33946,3.82034,3.97483,0.77379,0.50558,0.8224,1.55815,0.55911
80M_whole_r8_k4_s42,branch_2965504000,8,4,3.31933,3.28116,3.30177,0.95763,0.77019,0.80059,0.63118,0.52577
80M_whole_r8_k4_s42,branch_2965504000,8,5,4.42569,3.64388,3.98005,0.76473,0.4998,0.85041,0.52232,0.56974
80M_whole_r8_k4_s42,branch_2965504000,8,6,4.51182,3.7568,3.98696,0.75845,0.49411,0.90724,0.42928,0.62925
80M_whole_r8_k4_s42,branch_2965504000,8,7,4.01875,3.56113,3.69981,0.80275,0.5867,0.80275,2.30428,0.5867
80M_whole_r8_k4_s42,branch_2965504000,8,8,3.14606,3.13279,3.14515,1.0,1.0,0.74055,0.7034,0.45541
80M_whole_r8_k4_s42,branch_2965504000,8,9,4.7321,3.53894,4.06244,0.74055,0.45541,0.78738,0.62294,0.48835
80M_whole_r8_k4_s42,branch_2965504000,8,10,4.75126,3.79855,4.10222,0.74746,0.45319,0.8678,0.50109,0.55604
80M_whole_r8_k4_s42,branch_2965504000,8,11,4.12573,3.61615,3.77248,0.78984,0.56293,0.80562,2.0427,0.57415
80M_whole_r8_k4_s42,branch_2965504000,8,12,3.16808,3.15225,3.16603,0.99271,0.91354,0.76536,0.6753,0.49475
80M_whole_r8_k4_s42,branch_2965504000,8,13,4.4994,3.54711,3.97216,0.75773,0.48984,0.8092,0.59101,0.52117
80M_whole_r8_k4_s42,branch_2965504000,8,14,4.63267,3.77722,4.04628,0.75297,0.4729,0.88455,0.4749,0.58813
80M_whole_r8_k4_s42,branch_2965504000,8,15,4.06452,3.58771,3.73536,0.7969,0.5765,0.81571,1.97074,0.59018
80M_whole_r8_k4_s42,branch_2965504000,8,16,3.17675,3.15841,3.17434,0.98923,0.90998,,,
