N,N_once,N_rec,N_rung,accounting,backprop,budget_mult,budget_tokens,cell,compiled,d_model,deploy_flops_per_token,diverged,emb_in,executed_layers,git_commit,init_from,k_bwd,lr0,mean_r_train,n_avg_points,n_coda,n_core,n_layers,n_prelude,n_spikes,name,placement,r,r_sample,rung,seed,step,time,tokens_seen,torch_version,train_flops,train_flops_per_token,val_code,val_finemath,val_fwe,val_second,valavg_code,valavg_finemath,valavg_fwe,valavg_second
15406400,15406400,0,15406400,iso_flop,full,159.997,2464972800,dense/full,True,320,41287680.0,False,5242880,8,7b27a19,runs/10M_dense_r1_s42/branch_985989120.pt,0,0.00219,1.0,3,0,0,8,8,0,10M_dense_r1_d160_s42,dense,1,,10M,42,30090,2026-10-09 07:18:37,2464972800,2.6.0+cu124,3.05319024525312e+17,123863040.0,3.0542644610401792,3.2505836698855255,3.3715431885529066,3.62469590157629,3.0542644610401792,3.2505836698855255,3.3718858694171487,3.624944275869576
15406400,15406400,0,15406400,iso_flop,full,159.997,2464972800,dense/full,True,320,41287680.0,False,5242880,8,db3ab13,runs/10M_dense_r1_s43/branch_985989120.pt,0,0.00219,1.0,3,0,0,8,8,0,10M_dense_r1_d160_s43,dense,1,,10M,43,30090,2026-10-10 01:53:39,2464972800,2.6.0+cu124,3.05319024525312e+17,123863040.0,3.1467958155464975,3.2461201824794492,3.36846912996066,3.6299255155612475,3.1467958155464975,3.2461201824794492,3.3687910738772846,3.630082129357896
15611200,10324800,5286400,15406400,iso_flop,full,79.998,1232486400,middle/full,True,320,89128960.0,False,5242880,20,7b27a19,runs/10M_middle_r4_full_s42/branch_492912640.pt,0,0.00219,4.0,3,2,4,8,2,0,10M_middle_r4_full_d160_s42,middle,4,,10M,42,15045,2026-10-09 03:46:04,1232486400,2.6.0+cu124,3.29550693138432e+17,267386880.0,3.264926696872267,3.416070880443598,3.4287704584922176,3.706631464230887,3.264926696872267,3.416070880443598,3.4295008832917926,3.7071587267252895
15611200,10324800,5286400,15406400,iso_flop,full,159.997,2464972800,middle/full,True,320,89128960.0,False,5242880,20,7b27a19,runs/10M_middle_r4_full_s42/branch_492912640.pt,0,0.00219,4.0,3,2,4,8,2,0,10M_middle_r4_full_d160_s42,middle,4,,10M,42,30090,2026-10-09 04:21:35,2464972800,2.6.0+cu124,6.59101386276864e+17,267386880.0,2.9966110528983325,3.2710262623246344,3.334481356252741,3.5959806859258268,2.9966110528983325,3.2710262623246344,3.334864666693651,3.596351007560475
15611200,10324800,5286400,15406400,iso_flop,full,79.998,1232486400,middle/full,True,320,89128960.0,False,5242880,20,a4d61a4,runs/10M_middle_r4_full_s43/branch_492912640.pt,0,0.00219,4.0,3,2,4,8,2,0,10M_middle_r4_full_d160_s43,middle,4,,10M,43,15045,2026-10-09 22:19:22,1232486400,2.6.0+cu124,3.29550693138432e+17,267386880.0,3.1573941966891748,3.353559762002942,3.4249562068527335,3.6747689352235233,3.1573941966891748,3.353559762002942,3.4256817233780246,3.6755829685964385
15611200,10324800,5286400,15406400,iso_flop,full,159.997,2464972800,middle/full,True,320,89128960.0,False,5242880,20,a4d61a4,runs/10M_middle_r4_full_s43/branch_492912640.pt,0,0.00219,4.0,3,2,4,8,2,0,10M_middle_r4_full_d160_s43,middle,4,,10M,43,30090,2026-10-09 22:54:45,2464972800,2.6.0+cu124,6.59101386276864e+17,267386880.0,3.1243774632839716,3.2071107896411544,3.338834711127798,3.591810824458338,3.1243774632839716,3.2071107896411544,3.3392331028508053,3.591629594945404
15611200,10324800,5286400,15406400,iso_flop,full,79.998,1232486400,middle/full,True,320,152371200.0,False,5242880,36,eedcfdb,runs/10M_middle_r8_full_s42/branch_492912640.pt,0,0.00219,8.0,3,2,4,8,2,0,10M_middle_r8_full_d160_s42,middle,8,,10M,42,15045,2026-10-08 20:32:44,1232486400,2.6.0+cu124,5.6338629525504e+17,457113600.0,2.9759840825742843,3.2993314828956177,3.401251188160073,3.6451632528650273,2.9759840825742843,3.2993314828956177,3.4019981513353197,3.6458118685891834
15611200,10324800,5286400,15406400,iso_flop,full,159.997,2464972800,middle/full,True,320,152371200.0,False,5242880,36,eedcfdb,runs/10M_middle_r8_full_s42/branch_492912640.pt,0,0.00219,8.0,3,2,4,8,2,0,10M_middle_r8_full_d160_s42,middle,8,,10M,42,30090,2026-10-08 21:41:15,2464972800,2.6.0+cu124,1.12677259051008e+18,457113600.0,2.6522543093409996,3.160697518939961,3.315176447652487,3.5389804460810574,2.6522543093409996,3.160697518939961,3.31554740939642,3.5392302047752016
15611200,10324800,5286400,15406400,iso_flop,full,79.998,1232486400,middle/full,True,320,152371200.0,False,5242880,36,23c59de,runs/10M_middle_r8_full_s43/branch_492912640.pt,0,0.00219,8.0,3,2,4,8,2,0,10M_middle_r8_full_d160_s43,middle,8,,10M,43,15045,2026-10-09 15:02:26,1232486400,2.6.0+cu124,5.6338629525504e+17,457113600.0,2.9770872429960074,3.361054470313138,3.408598422593993,3.665088245954255,2.9770872429960074,3.361054470313138,3.4093473679878556,3.6659393588504536
15611200,10324800,5286400,15406400,iso_flop,full,159.997,2464972800,middle/full,True,320,152371200.0,False,5242880,36,23c59de,runs/10M_middle_r8_full_s43/branch_492912640.pt,0,0.00219,8.0,3,2,4,8,2,0,10M_middle_r8_full_d160_s43,middle,8,,10M,43,30090,2026-10-09 16:11:16,2464972800,2.6.0+cu124,1.12677259051008e+18,457113600.0,2.597627673242616,3.173337271219513,3.323781651478684,3.5421258322282307,2.597627673242616,3.173337271219513,3.3241697604214617,3.5423643253037285
27246016,17092544,10153472,26844608,iso_flop,full,79.997,2147483648,middle/full,True,448,152076288.0,False,7340032,20,7b27a19,runs/20M_middle_r4_full_s42/branch_858914816.pt,0,0.00153,4.0,3,2,4,8,2,0,20M_middle_r4_full_d80_s42,middle,4,,20M,42,16384,2026-10-09 06:24:35,2147483648,2.6.0+cu124,9.797440251856159e+17,456228864.0,2.7583092927603143,3.1394963974435357,3.1866075241605745,3.44065768571867,2.7583092927603143,3.1394963974435357,3.1869752771853554,3.4412188990952353
27246016,17092544,10153472,26844608,iso_flop,full,79.997,2147483648,middle/full,True,448,152076288.0,False,7340032,20,a4d61a4,runs/20M_middle_r4_full_s43/branch_858914816.pt,0,0.00153,4.0,3,2,4,8,2,0,20M_middle_r4_full_d80_s43,middle,4,,20M,43,16384,2026-10-10 00:58:54,2147483648,2.6.0+cu124,9.797440251856159e+17,456228864.0,2.8397152991004573,3.147980195574726,3.202527119231144,3.4632869898513023,2.8397152991004573,3.147980195574726,3.2029397287314345,3.4640475777036883
27246016,17092544,10153472,26844608,iso_flop,full,79.997,2147483648,middle/full,True,448,262635520.0,False,7340032,36,95eb241,runs/20M_middle_r8_full_s42/branch_858914816.pt,0,0.00153,8.0,3,2,4,8,2,0,20M_middle_r8_full_d80_s42,middle,8,,20M,42,16384,2026-10-09 01:54:41,2147483648,2.6.0+cu124,1.692016453751931e+18,787906560.0,2.5640272888241995,3.0387626737501146,3.1768135057480436,3.41064058692461,2.5640272888241995,3.0387626737501146,3.1772034438751913,3.4114192702193926
27246016,17092544,10153472,26844608,iso_flop,full,79.997,2147483648,middle/full,True,448,262635520.0,False,7340032,36,ad3c2bf,runs/20M_middle_r8_full_s43/branch_858914816.pt,0,0.00153,8.0,3,2,4,8,2,0,20M_middle_r8_full_d80_s43,middle,8,,20M,43,16384,2026-10-09 20:26:49,2147483648,2.6.0+cu124,1.692016453751931e+18,787906560.0,2.5556183711558735,3.0622350657616737,3.1860496413261443,3.419433095562471,2.5556183711558735,3.0622350657616737,3.186467764811905,3.420117849733412
