name,n_spikes,n_minor,max_rise,first_spike_step,last_step,collapse_step,diverged_budgets
10M_dense_r1_lr1.20e-02_s42,0,0,0.19,,1880,,
10M_dense_r1_lr1.50e-03_s42,0,0,0.091,,1880,,
10M_dense_r1_lr3.00e-03_s42,0,0,0.098,,1880,,
10M_dense_r1_lr6.00e-03_s42,0,0,0.102,,1880,,
10M_dense_r1_lr7.50e-04_s42,0,0,0.091,,1880,,
10M_dense_r1_s42,0,0,0.163,,15040,,
10M_dense_r1_s43,0,0,0.169,,15040,,
10M_dense_r1_s44,0,0,0.167,,15040,,
10M_middle_r2_full_s42,0,0,0.16,,7520,,
10M_middle_r2_full_s43,0,0,0.165,,7520,,
10M_middle_r2_full_s44,0,0,0.161,,7520,,
10M_middle_r4_full_s42,0,0,0.162,,7520,,
10M_middle_r4_full_s43,0,0,0.161,,7520,,
10M_middle_r4_full_s44,0,0,0.166,,7520,,
10M_middle_r4_k2_s42,1,5,1.171,7910,9850,,
10M_middle_r4_k2_s43,11,16,2.345,1550,9850,,
10M_middle_r4_k2_s44,5,9,2.247,1740,9850,,
10M_middle_r8_full_s42,0,0,0.164,,7520,,
10M_middle_r8_full_s43,0,0,0.161,,7520,,
10M_middle_r8_full_s44,0,0,0.167,,7520,,
10M_middle_r8_k4_s42,0,0,0.17,,10400,,
10M_middle_r8_k4_s43,0,0,0.165,,10400,,
10M_middle_r8_k4_s44,0,0,0.27,,10400,,
10M_whole_r2_full_s42,0,0,0.167,,7520,,
10M_whole_r2_full_s43,0,0,0.168,,7520,,
10M_whole_r2_full_s44,0,0,0.171,,7520,,
10M_whole_r4_full_s42,0,0,0.165,,7520,,
10M_whole_r4_full_s43,0,0,0.167,,7520,,
10M_whole_r4_full_s44,0,0,0.168,,7520,,
10M_whole_r4_k2_s42,4,17,1.965,2540,10860,,
10M_whole_r4_k2_s43,1,5,2.636,3620,10860,,
10M_whole_r4_k2_s44,10,25,3.197,1710,10860,,
10M_whole_r8_full_s42,0,0,0.298,,7520,,
10M_whole_r8_full_s43,0,0,0.368,,7520,,
10M_whole_r8_full_s44,0,0,0.315,,7520,,
10M_whole_r8_k4_s42,0,0,0.463,,11060,,
10M_whole_r8_k4_s43,0,2,0.746,,11060,,
10M_whole_r8_k4_s44,1,1,1.098,3820,11060,,
160M_dense_r1_lr1.00e-03_s42,0,0,0.146,,3420,,
160M_dense_r1_lr2.00e-03_s42,0,0,0.147,,3420,,
160M_dense_r1_lr2.50e-04_s42,0,0,0.148,,3420,,
160M_dense_r1_lr4.00e-03_s42,0,0,0.153,,3420,,
160M_dense_r1_lr5.00e-04_s42,0,0,0.146,,3420,,
160M_dense_r1_s42,0,0,0.155,,13700,,
20M_dense_r1_lr1.20e-02_b2_099_s42,0,1,0.59,,2040,,
20M_dense_r1_lr1.20e-02_s42,0,0,0.153,,2040,,
20M_dense_r1_lr1.50e-03_b2_099_s42,0,0,0.113,,2040,,
20M_dense_r1_lr1.50e-03_s42,0,0,0.103,,2040,,
20M_dense_r1_lr3.00e-03_b2_099_s42,0,0,0.108,,2040,,
20M_dense_r1_lr3.00e-03_s42,0,0,0.106,,2040,,
20M_dense_r1_lr6.00e-03_b2_099_s42,0,0,0.136,,2040,,
20M_dense_r1_lr6.00e-03_s42,0,0,0.102,,2040,,
20M_dense_r1_lr7.50e-04_b2_099_s42,0,0,0.098,,2040,,
20M_dense_r1_lr7.50e-04_s42,0,0,0.097,,2040,,
20M_dense_r1_s42,0,0,0.183,,16380,,
20M_dense_r1_s43,0,0,0.181,,16380,,
20M_dense_r1_s44,0,0,0.183,,16380,,
20M_middle_r2_full_lrx0.5_s42,0,0,0.096,,2040,,
20M_middle_r2_full_lrx0.71_s42,0,0,0.104,,2040,,
20M_middle_r2_full_lrx1.0_s42,0,0,0.102,,2040,,
20M_middle_r2_full_s42,0,0,0.148,,8190,,
20M_middle_r2_full_s43,0,0,0.144,,8190,,
20M_middle_r2_full_s44,0,0,0.145,,8190,,
20M_middle_r4_full_lrx0.5_s42,0,0,0.097,,2040,,
20M_middle_r4_full_lrx0.71_s42,0,0,0.104,,2040,,
20M_middle_r4_full_lrx1.0_s42,0,0,0.106,,2040,,
20M_middle_r4_full_s42,0,0,0.145,,8190,,
20M_middle_r4_full_s43,0,0,0.143,,8190,,
20M_middle_r4_full_s44,0,0,0.142,,8190,,
20M_middle_r4_k2_lrx0.5_s42,0,0,0.098,,2040,,
20M_middle_r4_k2_lrx0.71_s42,0,0,0.102,,2040,,
20M_middle_r4_k2_lrx1.0_s42,0,0,0.107,,2040,,
20M_middle_r4_k2_s42,0,1,0.587,,10810,,
20M_middle_r4_k2_s43,2,4,1.918,1630,10810,,
20M_middle_r4_k2_s44,2,9,1.306,3880,10810,,
20M_middle_r8_full_lrx0.5_s42,0,0,0.099,,2040,,
20M_middle_r8_full_lrx0.71_s42,0,0,0.102,,2040,,
20M_middle_r8_full_lrx1.0_s42,0,0,0.108,,2040,,
20M_middle_r8_full_s42,0,0,0.146,,8190,,
20M_middle_r8_full_s43,0,0,0.147,,8190,,
20M_middle_r8_full_s44,0,0,0.144,,8190,,
20M_middle_r8_k4_lrx0.5_s42,0,0,0.099,,2040,,
20M_middle_r8_k4_lrx0.71_s42,0,0,0.099,,2040,,
20M_middle_r8_k4_lrx1.0_s42,0,0,0.105,,2040,,
20M_middle_r8_k4_s42,0,0,0.484,,11380,,
20M_middle_r8_k4_s43,0,0,0.426,,11380,,
20M_middle_r8_k4_s44,0,0,0.214,,11380,,
20M_whole_r2_full_lrx0.5_s42,0,0,0.099,,2040,,
20M_whole_r2_full_lrx0.71_s42,0,0,0.102,,2040,,
20M_whole_r2_full_lrx1.0_s42,0,0,0.096,,2040,,
20M_whole_r2_full_s42,0,0,0.15,,8190,,
20M_whole_r2_full_s43,0,0,0.145,,8190,,
20M_whole_r2_full_s44,0,0,0.148,,8190,,
20M_whole_r4_full_lrx0.5_s42,0,0,0.094,,2040,,
20M_whole_r4_full_lrx0.71_s42,0,0,0.106,,2040,,
20M_whole_r4_full_lrx1.0_s42,0,0,0.103,,2040,,
20M_whole_r4_full_s42,0,0,0.149,,8190,,
20M_whole_r4_full_s43,0,0,0.145,,8190,,
20M_whole_r4_full_s44,0,0,0.147,,8190,,
20M_whole_r4_k2_lrx0.5_s42,0,0,0.095,,2040,,
20M_whole_r4_k2_lrx0.71_s42,0,0,0.101,,2040,,
20M_whole_r4_k2_lrx1.0_s42,0,0,0.109,,2040,,
20M_whole_r4_k2_s42,1,4,2.056,5570,11910,,
20M_whole_r4_k2_s43,1,3,1.46,2940,11910,,
20M_whole_r4_k2_s44,0,4,0.957,,11910,,
20M_whole_r8_full_lrx0.5_s42,0,0,0.101,,2040,,
20M_whole_r8_full_lrx0.71_s42,0,0,0.108,,2040,,
20M_whole_r8_full_lrx1.0_s42,0,0,0.106,,2040,,
20M_whole_r8_full_s42,0,0,0.146,,8190,,
20M_whole_r8_full_s43,2,3,1.794,5310,8190,,
20M_whole_r8_full_s44,0,0,0.23,,8190,,
20M_whole_r8_k4_lrx0.5_s42,0,0,0.101,,2040,,
20M_whole_r8_k4_lrx0.71_s42,0,0,0.15,,2040,,
20M_whole_r8_k4_lrx1.0_s42,0,0,0.124,,2040,,
20M_whole_r8_k4_s42,1,3,1.673,5110,12090,,
20M_whole_r8_k4_s43,3,7,3.967,5420,12090,,
20M_whole_r8_k4_s44,1,1,1.692,7970,12090,,
40M_dense_r1_lr1.00e-03_s42,0,0,0.103,,2440,,
40M_dense_r1_lr2.00e-03_s42,0,0,0.11,,2440,,
40M_dense_r1_lr4.00e-03_s42,0,0,0.116,,2440,,
40M_dense_r1_lr5.00e-04_s42,0,0,0.097,,2440,,
40M_dense_r1_lr8.00e-03_s42,0,0,0.192,,2440,,
40M_dense_r1_s42,0,0,0.208,,19580,,
40M_dense_r1_s43,0,0,0.208,,19580,,
40M_dense_r1_s44,0,0,0.207,,19580,,
40M_middle_r2_full_s42,0,0,0.17,,9790,,
40M_middle_r2_full_s43,0,0,0.167,,9790,,
40M_middle_r2_full_s44,0,0,0.168,,9790,,
40M_middle_r4_full_s42,0,0,0.171,,9790,,
40M_middle_r4_full_s43,0,0,0.172,,9790,,
40M_middle_r4_full_s44,0,0,0.17,,9790,,
40M_middle_r4_k2_s42,1,6,3.018,2560,13020,,
40M_middle_r4_k2_s43,3,5,2.836,9510,13020,,
40M_middle_r4_k2_s44,5,10,4.295,5060,13020,,
40M_middle_r8_full_s42,0,0,0.172,,9790,,
40M_middle_r8_full_s43,0,0,0.278,,9790,,
40M_middle_r8_full_s44,0,0,0.172,,9790,,
40M_middle_r8_k4_s42,0,0,0.183,,13680,,
40M_middle_r8_k4_s43,0,0,0.254,,13680,,
40M_middle_r8_k4_s44,0,1,0.521,,13680,,
40M_whole_r2_full_s42,0,0,0.17,,9790,,
40M_whole_r2_full_s43,0,0,0.171,,9790,,
40M_whole_r2_full_s44,0,0,0.167,,9790,,
40M_whole_r4_full_s42,0,0,0.17,,9790,,
40M_whole_r4_full_s43,0,0,0.169,,9790,,
40M_whole_r4_full_s44,0,0,0.171,,9790,,
40M_whole_r4_k2_s42,5,6,2.865,7660,14340,,
40M_whole_r4_k2_s43,2,2,2.198,6150,14340,,
40M_whole_r4_k2_s44,0,0,0.407,,14340,,
40M_whole_r8_full_s42,1,1,2.786,1070,9790,,
40M_whole_r8_full_s43,1,2,5.609,2760,9790,,
40M_whole_r8_full_s44,1,2,2.802,810,9790,,501350400
40M_whole_r8_k4_s42,4,11,3.935,2620,14500,,
40M_whole_r8_k4_s43,7,14,4.842,2640,14500,5000,1485619200 2005811200 2971443200
40M_whole_r8_k4_s44,6,9,2.495,1410,14500,,
80M_dense_r1_lr1.50e-03_s42,0,0,0.108,,2820,,
80M_dense_r1_lr3.00e-03_s42,0,0,0.109,,2820,,
80M_dense_r1_lr3.75e-04_s42,0,0,0.111,,2820,,
80M_dense_r1_lr6.00e-03_s42,0,0,0.114,,2820,,
80M_dense_r1_lr7.50e-04_s42,0,0,0.106,,2820,,
80M_dense_r1_s42,0,0,0.206,,22620,,
80M_middle_r2_full_s42,0,0,0.2,,11310,,
80M_middle_r4_full_s42,0,0,0.199,,11310,,
80M_middle_r4_full_x0.5_s42,0,0,0.109,,2820,,
80M_middle_r4_full_x1.0_s42,0,0,0.108,,2820,,
80M_middle_r4_full_x2.0_s42,0,0,0.114,,2820,,
80M_middle_r4_k2_s42,4,5,3.455,6170,15140,,
80M_middle_r8_full_s42,0,1,0.549,,11310,,
80M_middle_r8_k4_s42,0,0,0.249,,15880,,
80M_whole_r2_full_s42,0,0,0.201,,11310,,
80M_whole_r4_full_s42,0,0,0.218,,11310,,
80M_whole_r4_k2_s42,3,5,4.613,8470,16650,,
80M_whole_r8_full_s42,2,2,4.505,8650,11310,,
80M_whole_r8_k4_s42,13,36,2.177,1630,16810,,
diag_20M_whole_r2_full_lrx1.0_s43,0,0,0.0,,400,,
diag_20M_whole_r4_full_lrx1.0_s43,0,0,0.0,,400,,
diag_20M_whole_r4_full_lrx1.0_s44,0,0,0.0,,400,,
diag_20M_whole_r4_k2_lrx1.0_s43,0,0,0.0,,400,,
explore_10M_whole_r4_k2_lrx0.5_s42,0,0,0.245,,10860,,
explore_10M_whole_r4_k2_lrx0.5_s43,0,1,0.506,,10860,,
explore_10M_whole_r4_k2_lrx0.5_s44,0,2,0.931,,10860,,
