kind,rung,cell,valset,token_class,share_of_tokens,mean_delta,share_of_positive_gain
looped_vs_dense,80M,middle_r4,fwe,word,0.8447,0.02942,0.8821
looped_vs_dense,80M,middle_r4,fwe,number,0.0206,-0.00428,0.0154
looped_vs_dense,80M,middle_r4,fwe,punct,0.0852,0.0386,0.0593
looped_vs_dense,80M,middle_r4,fwe,code,0.0219,0.04536,0.0196
looped_vs_dense,80M,middle_r4,fwe,space,0.0152,0.03428,0.0113
looped_vs_dense,80M,middle_r4,fwe,other,0.0124,0.0031,0.0124
looped_vs_dense,80M,middle_r8,fwe,word,0.8447,0.02276,0.8816
looped_vs_dense,80M,middle_r8,fwe,number,0.0206,-0.00058,0.0155
looped_vs_dense,80M,middle_r8,fwe,punct,0.0852,0.03055,0.0584
looped_vs_dense,80M,middle_r8,fwe,code,0.0219,0.02797,0.019
looped_vs_dense,80M,middle_r8,fwe,space,0.0152,0.07331,0.0125
looped_vs_dense,80M,middle_r8,fwe,other,0.0124,0.02554,0.0131
looped_vs_dense,80M,whole_r8,fwe,word,0.8447,0.00942,0.8793
looped_vs_dense,80M,whole_r8,fwe,number,0.0206,0.00531,0.0161
looped_vs_dense,80M,whole_r8,fwe,punct,0.0852,0.0368,0.0606
looped_vs_dense,80M,whole_r8,fwe,code,0.0219,0.0297,0.0199
looped_vs_dense,80M,whole_r8,fwe,space,0.0152,0.04204,0.0118
looped_vs_dense,80M,whole_r8,fwe,other,0.0124,-0.02275,0.0123
looped_vs_dense,80M,whole_r8_k4,fwe,word,0.8447,-0.03952,0.8833
looped_vs_dense,80M,whole_r8_k4,fwe,number,0.0206,-0.06626,0.0152
looped_vs_dense,80M,whole_r8_k4,fwe,punct,0.0852,-0.03274,0.0553
looped_vs_dense,80M,whole_r8_k4,fwe,code,0.0219,0.00138,0.0206
looped_vs_dense,80M,whole_r8_k4,fwe,space,0.0152,0.02952,0.0123
looped_vs_dense,80M,whole_r8_k4,fwe,other,0.0124,-0.02521,0.0134
looped_vs_dense,40M,middle_r8,fwe,word,0.8447,0.02493,0.8773
looped_vs_dense,40M,middle_r8,fwe,number,0.0206,0.01344,0.0159
looped_vs_dense,40M,middle_r8,fwe,punct,0.0852,0.02633,0.0628
looped_vs_dense,40M,middle_r8,fwe,code,0.0219,0.03315,0.02
looped_vs_dense,40M,middle_r8,fwe,space,0.0152,0.03571,0.0122
looped_vs_dense,40M,middle_r8,fwe,other,0.0124,-0.01924,0.0116
null_pairwise,40M,dense,fwe,word,0.8447,-0.00148,0.8837
null_pairwise,40M,dense,fwe,number,0.0206,-0.01558,0.0159
null_pairwise,40M,dense,fwe,punct,0.0852,-0.02319,0.056
null_pairwise,40M,dense,fwe,code,0.0219,0.02546,0.0205
null_pairwise,40M,dense,fwe,space,0.0152,0.03464,0.0118
null_pairwise,40M,dense,fwe,other,0.0124,-0.03614,0.0121
null_pairwise,40M,dense,fwe,word,0.8447,-0.00127,0.8859
null_pairwise,40M,dense,fwe,number,0.0206,-0.00449,0.016
null_pairwise,40M,dense,fwe,punct,0.0852,-0.03021,0.0544
null_pairwise,40M,dense,fwe,code,0.0219,0.00634,0.0195
null_pairwise,40M,dense,fwe,space,0.0152,0.01878,0.0115
null_pairwise,40M,dense,fwe,other,0.0124,-0.00688,0.0127
null_loo,40M,dense,fwe,word,0.8447,-0.00137,0.8853
null_loo,40M,dense,fwe,number,0.0206,-0.01003,0.0158
null_loo,40M,dense,fwe,punct,0.0852,-0.0267,0.0546
null_loo,40M,dense,fwe,code,0.0219,0.0159,0.0202
null_loo,40M,dense,fwe,space,0.0152,0.02671,0.0118
null_loo,40M,dense,fwe,other,0.0124,-0.02151,0.0123
null_pairwise,40M,dense,fwe,word,0.8447,0.00021,0.8827
null_pairwise,40M,dense,fwe,number,0.0206,0.01108,0.0168
null_pairwise,40M,dense,fwe,punct,0.0852,-0.00702,0.0584
null_pairwise,40M,dense,fwe,code,0.0219,-0.01911,0.0182
null_pairwise,40M,dense,fwe,space,0.0152,-0.01586,0.0103
null_pairwise,40M,dense,fwe,other,0.0124,0.02925,0.0136
null_loo,40M,dense,fwe,word,0.8447,0.00085,0.8803
null_loo,40M,dense,fwe,number,0.0206,0.01333,0.017
null_loo,40M,dense,fwe,punct,0.0852,0.00809,0.0607
null_loo,40M,dense,fwe,code,0.0219,-0.02228,0.0182
null_loo,40M,dense,fwe,space,0.0152,-0.02525,0.01
null_loo,40M,dense,fwe,other,0.0124,0.03269,0.0138
null_loo,40M,dense,fwe,word,0.8447,0.00053,0.8794
null_loo,40M,dense,fwe,number,0.0206,-0.0033,0.016
null_loo,40M,dense,fwe,punct,0.0852,0.01861,0.0621
null_loo,40M,dense,fwe,code,0.0219,0.00638,0.0192
null_loo,40M,dense,fwe,space,0.0152,-0.00146,0.0108
null_loo,40M,dense,fwe,other,0.0124,-0.01119,0.0125
looped_vs_dense,20M,middle_r8,fwe,word,0.8447,0.01109,0.8775
looped_vs_dense,20M,middle_r8,fwe,number,0.0206,0.01362,0.0158
looped_vs_dense,20M,middle_r8,fwe,punct,0.0852,0.019,0.0625
looped_vs_dense,20M,middle_r8,fwe,code,0.0219,0.03727,0.0214
looped_vs_dense,20M,middle_r8,fwe,space,0.0152,-0.02048,0.0101
looped_vs_dense,20M,middle_r8,fwe,other,0.0124,0.00511,0.0127
null_pairwise,20M,dense,fwe,word,0.8447,0.0136,0.8839
null_pairwise,20M,dense,fwe,number,0.0206,0.00563,0.0154
null_pairwise,20M,dense,fwe,punct,0.0852,0.01163,0.0584
null_pairwise,20M,dense,fwe,code,0.0219,0.00105,0.0189
null_pairwise,20M,dense,fwe,space,0.0152,-0.00583,0.0103
null_pairwise,20M,dense,fwe,other,0.0124,0.01446,0.0131
null_pairwise,20M,dense,fwe,word,0.8447,0.01619,0.8853
null_pairwise,20M,dense,fwe,number,0.0206,0.01421,0.0156
null_pairwise,20M,dense,fwe,punct,0.0852,0.00572,0.0575
null_pairwise,20M,dense,fwe,code,0.0219,-0.02175,0.018
null_pairwise,20M,dense,fwe,space,0.0152,-0.00474,0.0104
null_pairwise,20M,dense,fwe,other,0.0124,0.01379,0.0131
null_loo,20M,dense,fwe,word,0.8447,0.0149,0.8848
null_loo,20M,dense,fwe,number,0.0206,0.00992,0.0154
null_loo,20M,dense,fwe,punct,0.0852,0.00867,0.058
null_loo,20M,dense,fwe,code,0.0219,-0.01035,0.0184
null_loo,20M,dense,fwe,space,0.0152,-0.00528,0.0103
null_loo,20M,dense,fwe,other,0.0124,0.01413,0.0131
null_pairwise,20M,dense,fwe,word,0.8447,0.00259,0.8849
null_pairwise,20M,dense,fwe,number,0.0206,0.00858,0.0162
null_pairwise,20M,dense,fwe,punct,0.0852,-0.00591,0.0567
null_pairwise,20M,dense,fwe,code,0.0219,-0.0228,0.0184
null_pairwise,20M,dense,fwe,space,0.0152,0.00109,0.0109
null_pairwise,20M,dense,fwe,other,0.0124,-0.00068,0.013
null_loo,20M,dense,fwe,word,0.8447,-0.00551,0.884
null_loo,20M,dense,fwe,number,0.0206,0.00148,0.016
null_loo,20M,dense,fwe,punct,0.0852,-0.00877,0.0569
null_loo,20M,dense,fwe,code,0.0219,-0.01192,0.019
null_loo,20M,dense,fwe,space,0.0152,0.00346,0.011
null_loo,20M,dense,fwe,other,0.0124,-0.00757,0.013
null_loo,20M,dense,fwe,word,0.8447,-0.00939,0.8805
null_loo,20M,dense,fwe,number,0.0206,-0.01139,0.0156
null_loo,20M,dense,fwe,punct,0.0852,0.0001,0.0589
null_loo,20M,dense,fwe,code,0.0219,0.02227,0.0207
null_loo,20M,dense,fwe,space,0.0152,0.00182,0.0111
null_loo,20M,dense,fwe,other,0.0124,-0.00656,0.0132
looped_vs_dense,80M,middle_r4,second,word,0.746,0.04533,0.7248
looped_vs_dense,80M,middle_r4,second,number,0.0291,0.12465,0.0297
looped_vs_dense,80M,middle_r4,second,punct,0.0908,-0.03161,0.0597
looped_vs_dense,80M,middle_r4,second,code,0.0612,0.48521,0.1339
looped_vs_dense,80M,middle_r4,second,space,0.0588,-0.61299,0.039
looped_vs_dense,80M,middle_r4,second,other,0.0141,0.01727,0.013
looped_vs_dense,80M,middle_r8,second,word,0.746,0.04821,0.717
looped_vs_dense,80M,middle_r8,second,number,0.0291,0.13692,0.0292
looped_vs_dense,80M,middle_r8,second,punct,0.0908,0.04243,0.0623
looped_vs_dense,80M,middle_r8,second,code,0.0612,0.38786,0.1154
looped_vs_dense,80M,middle_r8,second,space,0.0588,0.2861,0.0631
looped_vs_dense,80M,middle_r8,second,other,0.0141,0.02493,0.013
looped_vs_dense,80M,whole_r8,second,word,0.746,0.04386,0.6995
looped_vs_dense,80M,whole_r8,second,number,0.0291,0.14875,0.0293
looped_vs_dense,80M,whole_r8,second,punct,0.0908,0.03894,0.0626
looped_vs_dense,80M,whole_r8,second,code,0.0612,0.58489,0.1411
looped_vs_dense,80M,whole_r8,second,space,0.0588,0.1304,0.054
looped_vs_dense,80M,whole_r8,second,other,0.0141,0.0568,0.0135
looped_vs_dense,80M,whole_r8_k4,second,word,0.746,-0.02327,0.6888
looped_vs_dense,80M,whole_r8_k4,second,number,0.0291,0.07779,0.0274
looped_vs_dense,80M,whole_r8_k4,second,punct,0.0908,-0.01403,0.0602
looped_vs_dense,80M,whole_r8_k4,second,code,0.0612,0.62762,0.1573
looped_vs_dense,80M,whole_r8_k4,second,space,0.0588,0.05711,0.0542
looped_vs_dense,80M,whole_r8_k4,second,other,0.0141,-0.09423,0.012
looped_vs_dense,40M,middle_r8,second,word,0.746,0.05182,0.7232
looped_vs_dense,40M,middle_r8,second,number,0.0291,0.11016,0.0292
looped_vs_dense,40M,middle_r8,second,punct,0.0908,0.03644,0.0683
looped_vs_dense,40M,middle_r8,second,code,0.0612,0.11026,0.0898
looped_vs_dense,40M,middle_r8,second,space,0.0588,0.24623,0.0759
looped_vs_dense,40M,middle_r8,second,other,0.0141,0.04648,0.0136
null_pairwise,40M,dense,second,word,0.746,0.00534,0.7236
null_pairwise,40M,dense,second,number,0.0291,-0.036,0.0212
null_pairwise,40M,dense,second,punct,0.0908,0.00531,0.0687
null_pairwise,40M,dense,second,code,0.0612,-0.00998,0.0768
null_pairwise,40M,dense,second,space,0.0588,0.41722,0.0955
null_pairwise,40M,dense,second,other,0.0141,0.0218,0.0141
null_pairwise,40M,dense,second,word,0.746,-0.0157,0.7288
null_pairwise,40M,dense,second,number,0.0291,-0.10585,0.0211
null_pairwise,40M,dense,second,punct,0.0908,-0.01227,0.0656
null_pairwise,40M,dense,second,code,0.0612,-0.17584,0.0813
null_pairwise,40M,dense,second,space,0.0588,0.33329,0.0889
null_pairwise,40M,dense,second,other,0.0141,0.00401,0.0142
null_loo,40M,dense,second,word,0.746,-0.00518,0.7203
null_loo,40M,dense,second,number,0.0291,-0.07093,0.0206
null_loo,40M,dense,second,punct,0.0908,-0.00348,0.0663
null_loo,40M,dense,second,code,0.0612,-0.09291,0.0798
null_loo,40M,dense,second,space,0.0588,0.37525,0.099
null_loo,40M,dense,second,other,0.0141,0.0129,0.014
null_pairwise,40M,dense,second,word,0.746,-0.02103,0.776
null_pairwise,40M,dense,second,number,0.0291,-0.06985,0.0241
null_pairwise,40M,dense,second,punct,0.0908,-0.01758,0.0727
null_pairwise,40M,dense,second,code,0.0612,-0.16586,0.0782
null_pairwise,40M,dense,second,space,0.0588,-0.08394,0.0339
null_pairwise,40M,dense,second,other,0.0141,-0.01779,0.015
null_loo,40M,dense,second,word,0.746,-0.01318,0.7801
null_loo,40M,dense,second,number,0.0291,-0.01693,0.0247
null_loo,40M,dense,second,punct,0.0908,-0.01145,0.0744
null_loo,40M,dense,second,code,0.0612,-0.07794,0.0775
null_loo,40M,dense,second,space,0.0588,-0.25058,0.0284
null_loo,40M,dense,second,other,0.0141,-0.01979,0.0148
null_loo,40M,dense,second,word,0.746,0.01836,0.7424
null_loo,40M,dense,second,number,0.0291,0.08785,0.0293
null_loo,40M,dense,second,punct,0.0908,0.01493,0.0681
null_loo,40M,dense,second,code,0.0612,0.17085,0.109
null_loo,40M,dense,second,space,0.0588,-0.12467,0.0374
null_loo,40M,dense,second,other,0.0141,0.00689,0.0139
looped_vs_dense,20M,middle_r8,second,word,0.746,0.01148,0.7208
looped_vs_dense,20M,middle_r8,second,number,0.0291,0.04229,0.0243
looped_vs_dense,20M,middle_r8,second,punct,0.0908,0.03131,0.0726
looped_vs_dense,20M,middle_r8,second,code,0.0612,0.01089,0.0854
looped_vs_dense,20M,middle_r8,second,space,0.0588,0.16544,0.083
looped_vs_dense,20M,middle_r8,second,other,0.0141,0.00977,0.0139
null_pairwise,20M,dense,second,word,0.746,0.01661,0.7396
null_pairwise,20M,dense,second,number,0.0291,0.06143,0.0249
null_pairwise,20M,dense,second,punct,0.0908,-0.01345,0.0644
null_pairwise,20M,dense,second,code,0.0612,0.28033,0.1196
null_pairwise,20M,dense,second,space,0.0588,-0.1994,0.0376
null_pairwise,20M,dense,second,other,0.0141,-0.00194,0.0138
null_pairwise,20M,dense,second,word,0.746,0.0241,0.7255
null_pairwise,20M,dense,second,number,0.0291,0.02371,0.0226
null_pairwise,20M,dense,second,punct,0.0908,-0.03151,0.0605
null_pairwise,20M,dense,second,code,0.0612,0.37411,0.125
null_pairwise,20M,dense,second,space,0.0588,0.13289,0.0541
null_pairwise,20M,dense,second,other,0.0141,-0.05917,0.0123
null_loo,20M,dense,second,word,0.746,0.02035,0.73
null_loo,20M,dense,second,number,0.0291,0.04257,0.0238
null_loo,20M,dense,second,punct,0.0908,-0.02248,0.0618
null_loo,20M,dense,second,code,0.0612,0.32722,0.1278
null_loo,20M,dense,second,space,0.0588,-0.03326,0.0437
null_loo,20M,dense,second,other,0.0141,-0.03055,0.0129
null_pairwise,20M,dense,second,word,0.746,0.00749,0.7217
null_pairwise,20M,dense,second,number,0.0291,-0.03772,0.0202
null_pairwise,20M,dense,second,punct,0.0908,-0.01805,0.0632
null_pairwise,20M,dense,second,code,0.0612,0.09378,0.0946
null_pairwise,20M,dense,second,space,0.0588,0.33229,0.0877
null_pairwise,20M,dense,second,other,0.0141,-0.05723,0.0126
null_loo,20M,dense,second,word,0.746,-0.00456,0.728
null_loo,20M,dense,second,number,0.0291,-0.04957,0.0203
null_loo,20M,dense,second,punct,0.0908,-0.0023,0.067
null_loo,20M,dense,second,code,0.0612,-0.09328,0.0839
null_loo,20M,dense,second,space,0.0588,0.26585,0.0873
null_loo,20M,dense,second,other,0.0141,-0.02764,0.0134
null_loo,20M,dense,second,word,0.746,-0.0158,0.7764
null_loo,20M,dense,second,number,0.0291,0.007,0.0249
null_loo,20M,dense,second,punct,0.0908,0.02478,0.0777
null_loo,20M,dense,second,code,0.0612,-0.23395,0.0698
null_loo,20M,dense,second,space,0.0588,-0.23259,0.0344
null_loo,20M,dense,second,other,0.0141,0.0582,0.0169
looped_vs_dense,80M,middle_r4,finemath,word,0.5712,0.12648,0.5186
looped_vs_dense,80M,middle_r4,finemath,number,0.0892,0.13872,0.0883
looped_vs_dense,80M,middle_r4,finemath,punct,0.0957,0.02138,0.0548
looped_vs_dense,80M,middle_r4,finemath,code,0.1471,0.54366,0.2612
looped_vs_dense,80M,middle_r4,finemath,space,0.0895,0.06972,0.0715
looped_vs_dense,80M,middle_r4,finemath,other,0.0073,0.02572,0.0055
looped_vs_dense,80M,middle_r8,finemath,word,0.5712,0.11603,0.5198
looped_vs_dense,80M,middle_r8,finemath,number,0.0892,0.1824,0.0915
looped_vs_dense,80M,middle_r8,finemath,punct,0.0957,0.02306,0.054
looped_vs_dense,80M,middle_r8,finemath,code,0.1471,0.38195,0.2306
looped_vs_dense,80M,middle_r8,finemath,space,0.0895,0.31155,0.0982
looped_vs_dense,80M,middle_r8,finemath,other,0.0073,0.03791,0.0058
looped_vs_dense,80M,whole_r8,finemath,word,0.5712,0.11635,0.4967
looped_vs_dense,80M,whole_r8,finemath,number,0.0892,0.19901,0.0905
looped_vs_dense,80M,whole_r8,finemath,punct,0.0957,0.04051,0.0544
looped_vs_dense,80M,whole_r8,finemath,code,0.1471,0.52462,0.2711
looped_vs_dense,80M,whole_r8,finemath,space,0.0895,0.17956,0.0817
looped_vs_dense,80M,whole_r8,finemath,other,0.0073,0.06216,0.0057
looped_vs_dense,80M,whole_r8_k4,finemath,word,0.5712,0.04001,0.4795
looped_vs_dense,80M,whole_r8_k4,finemath,number,0.0892,0.09158,0.0834
looped_vs_dense,80M,whole_r8_k4,finemath,punct,0.0957,-0.04489,0.0502
looped_vs_dense,80M,whole_r8_k4,finemath,code,0.1471,0.66813,0.316
looped_vs_dense,80M,whole_r8_k4,finemath,space,0.0895,-0.12421,0.0654
looped_vs_dense,80M,whole_r8_k4,finemath,other,0.0073,-0.02748,0.0056
looped_vs_dense,40M,middle_r8,finemath,word,0.5712,0.10522,0.5525
looped_vs_dense,40M,middle_r8,finemath,number,0.0892,0.13166,0.0909
looped_vs_dense,40M,middle_r8,finemath,punct,0.0957,0.0568,0.0654
looped_vs_dense,40M,middle_r8,finemath,code,0.1471,0.07649,0.1765
looped_vs_dense,40M,middle_r8,finemath,space,0.0895,0.25208,0.1085
looped_vs_dense,40M,middle_r8,finemath,other,0.0073,0.0591,0.0062
null_pairwise,40M,dense,finemath,word,0.5712,-0.01581,0.5473
null_pairwise,40M,dense,finemath,number,0.0892,-0.03453,0.0763
null_pairwise,40M,dense,finemath,punct,0.0957,-0.02556,0.0698
null_pairwise,40M,dense,finemath,code,0.1471,-0.13764,0.1561
null_pairwise,40M,dense,finemath,space,0.0895,0.34494,0.1438
null_pairwise,40M,dense,finemath,other,0.0073,-0.03839,0.0067
null_pairwise,40M,dense,finemath,word,0.5712,-0.10333,0.5584
null_pairwise,40M,dense,finemath,number,0.0892,-0.16517,0.0775
null_pairwise,40M,dense,finemath,punct,0.0957,-0.02081,0.0748
null_pairwise,40M,dense,finemath,code,0.1471,-0.28427,0.1876
null_pairwise,40M,dense,finemath,space,0.0895,0.03116,0.095
null_pairwise,40M,dense,finemath,other,0.0073,-0.11517,0.0067
null_loo,40M,dense,finemath,word,0.5712,-0.05957,0.5571
null_loo,40M,dense,finemath,number,0.0892,-0.09985,0.0755
null_loo,40M,dense,finemath,punct,0.0957,-0.02319,0.0717
null_loo,40M,dense,finemath,code,0.1471,-0.21095,0.1724
null_loo,40M,dense,finemath,space,0.0895,0.18805,0.1166
null_loo,40M,dense,finemath,other,0.0073,-0.07678,0.0067
null_pairwise,40M,dense,finemath,word,0.5712,-0.08753,0.5526
null_pairwise,40M,dense,finemath,number,0.0892,-0.13064,0.0822
null_pairwise,40M,dense,finemath,punct,0.0957,0.00475,0.0824
null_pairwise,40M,dense,finemath,code,0.1471,-0.14663,0.1984
null_pairwise,40M,dense,finemath,space,0.0895,-0.31378,0.0774
null_pairwise,40M,dense,finemath,other,0.0073,-0.07678,0.0071
null_loo,40M,dense,finemath,word,0.5712,-0.03586,0.5623
null_loo,40M,dense,finemath,number,0.0892,-0.04806,0.0837
null_loo,40M,dense,finemath,punct,0.0957,0.01516,0.0822
null_loo,40M,dense,finemath,code,0.1471,-0.00449,0.1971
null_loo,40M,dense,finemath,space,0.0895,-0.32936,0.0674
null_loo,40M,dense,finemath,other,0.0073,-0.0192,0.0074
null_loo,40M,dense,finemath,word,0.5712,0.09543,0.5316
null_loo,40M,dense,finemath,number,0.0892,0.14791,0.0902
null_loo,40M,dense,finemath,punct,0.0957,0.00803,0.0588
null_loo,40M,dense,finemath,code,0.1471,0.21545,0.2198
null_loo,40M,dense,finemath,space,0.0895,0.14131,0.0929
null_loo,40M,dense,finemath,other,0.0073,0.09597,0.0066
looped_vs_dense,20M,middle_r8,finemath,word,0.5712,0.02074,0.5534
looped_vs_dense,20M,middle_r8,finemath,number,0.0892,0.09927,0.0983
looped_vs_dense,20M,middle_r8,finemath,punct,0.0957,0.05147,0.0772
looped_vs_dense,20M,middle_r8,finemath,code,0.1471,-0.04348,0.1656
looped_vs_dense,20M,middle_r8,finemath,space,0.0895,0.0999,0.0987
looped_vs_dense,20M,middle_r8,finemath,other,0.0073,0.01241,0.0067
null_pairwise,20M,dense,finemath,word,0.5712,0.00795,0.4978
null_pairwise,20M,dense,finemath,number,0.0892,0.09211,0.085
null_pairwise,20M,dense,finemath,punct,0.0957,0.01719,0.0627
null_pairwise,20M,dense,finemath,code,0.1471,0.34489,0.2644
null_pairwise,20M,dense,finemath,space,0.0895,0.0711,0.0833
null_pairwise,20M,dense,finemath,other,0.0073,0.05209,0.0067
null_pairwise,20M,dense,finemath,word,0.5712,0.02151,0.5035
null_pairwise,20M,dense,finemath,number,0.0892,0.02914,0.0748
null_pairwise,20M,dense,finemath,punct,0.0957,-0.02494,0.0595
null_pairwise,20M,dense,finemath,code,0.1471,0.49881,0.2903
null_pairwise,20M,dense,finemath,space,0.0895,-0.06819,0.0654
null_pairwise,20M,dense,finemath,other,0.0073,0.02079,0.0065
null_loo,20M,dense,finemath,word,0.5712,0.01473,0.4926
null_loo,20M,dense,finemath,number,0.0892,0.06062,0.0795
null_loo,20M,dense,finemath,punct,0.0957,-0.00388,0.0596
null_loo,20M,dense,finemath,code,0.1471,0.42185,0.2878
null_loo,20M,dense,finemath,space,0.0895,0.00146,0.0739
null_loo,20M,dense,finemath,other,0.0073,0.03644,0.0065
null_pairwise,20M,dense,finemath,word,0.5712,0.01356,0.5599
null_pairwise,20M,dense,finemath,number,0.0892,-0.06297,0.0733
null_pairwise,20M,dense,finemath,punct,0.0957,-0.04213,0.065
null_pairwise,20M,dense,finemath,code,0.1471,0.15392,0.231
null_pairwise,20M,dense,finemath,space,0.0895,-0.13929,0.0641
null_pairwise,20M,dense,finemath,other,0.0073,-0.0313,0.0067
null_loo,20M,dense,finemath,word,0.5712,0.00281,0.577
null_loo,20M,dense,finemath,number,0.0892,-0.07754,0.0753
null_loo,20M,dense,finemath,punct,0.0957,-0.02966,0.0676
null_loo,20M,dense,finemath,code,0.1471,-0.09549,0.2018
null_loo,20M,dense,finemath,space,0.0895,-0.1052,0.0715
null_loo,20M,dense,finemath,other,0.0073,-0.04169,0.0068
null_loo,20M,dense,finemath,word,0.5712,-0.01753,0.5805
null_loo,20M,dense,finemath,number,0.0892,0.01692,0.0898
null_loo,20M,dense,finemath,punct,0.0957,0.03354,0.0831
null_loo,20M,dense,finemath,code,0.1471,-0.32636,0.1352
null_loo,20M,dense,finemath,space,0.0895,0.10374,0.1037
null_loo,20M,dense,finemath,other,0.0073,0.00526,0.0078
looped_vs_dense,80M,middle_r4,code,word,0.3746,0.03703,0.3829
looped_vs_dense,80M,middle_r4,code,number,0.0486,0.22112,0.0579
looped_vs_dense,80M,middle_r4,code,punct,0.113,0.27162,0.1482
looped_vs_dense,80M,middle_r4,code,code,0.1786,0.01706,0.2006
looped_vs_dense,80M,middle_r4,code,space,0.2724,-0.35925,0.1942
looped_vs_dense,80M,middle_r4,code,other,0.0127,0.11319,0.0163
looped_vs_dense,80M,middle_r8,code,word,0.3746,0.16416,0.3525
looped_vs_dense,80M,middle_r8,code,number,0.0486,0.22303,0.046
looped_vs_dense,80M,middle_r8,code,punct,0.113,0.34489,0.1257
looped_vs_dense,80M,middle_r8,code,code,0.1786,0.16636,0.1717
looped_vs_dense,80M,middle_r8,code,space,0.2724,0.47534,0.2889
looped_vs_dense,80M,middle_r8,code,other,0.0127,0.24071,0.0152
looped_vs_dense,80M,whole_r8,code,word,0.3746,0.15309,0.3302
looped_vs_dense,80M,whole_r8,code,number,0.0486,0.24298,0.043
looped_vs_dense,80M,whole_r8,code,punct,0.113,0.36452,0.1117
looped_vs_dense,80M,whole_r8,code,code,0.1786,0.34118,0.2099
looped_vs_dense,80M,whole_r8,code,space,0.2724,0.41827,0.2906
looped_vs_dense,80M,whole_r8,code,other,0.0127,0.31057,0.0145
looped_vs_dense,80M,whole_r8_k4,code,word,0.3746,-0.0643,0.2673
looped_vs_dense,80M,whole_r8_k4,code,number,0.0486,-0.02593,0.0326
looped_vs_dense,80M,whole_r8_k4,code,punct,0.113,0.17857,0.1018
looped_vs_dense,80M,whole_r8_k4,code,code,0.1786,-0.08363,0.1662
looped_vs_dense,80M,whole_r8_k4,code,space,0.2724,0.6014,0.4194
looped_vs_dense,80M,whole_r8_k4,code,other,0.0127,0.10359,0.0128
looped_vs_dense,40M,middle_r8,code,word,0.3746,0.30789,0.3656
looped_vs_dense,40M,middle_r8,code,number,0.0486,0.81907,0.0811
looped_vs_dense,40M,middle_r8,code,punct,0.113,0.47108,0.1274
looped_vs_dense,40M,middle_r8,code,code,0.1786,0.25428,0.1635
looped_vs_dense,40M,middle_r8,code,space,0.2724,0.40845,0.2483
looped_vs_dense,40M,middle_r8,code,other,0.0127,0.36359,0.014
null_pairwise,40M,dense,code,word,0.3746,0.6321,0.3516
null_pairwise,40M,dense,code,number,0.0486,1.90837,0.0932
null_pairwise,40M,dense,code,punct,0.113,0.96742,0.1315
null_pairwise,40M,dense,code,code,0.1786,0.80933,0.1904
null_pairwise,40M,dense,code,space,0.2724,0.74188,0.2231
null_pairwise,40M,dense,code,other,0.0127,0.37341,0.0102
null_pairwise,40M,dense,code,word,0.3746,0.57038,0.3753
null_pairwise,40M,dense,code,number,0.0486,1.83941,0.101
null_pairwise,40M,dense,code,punct,0.113,0.96265,0.1427
null_pairwise,40M,dense,code,code,0.1786,0.83382,0.214
null_pairwise,40M,dense,code,space,0.2724,0.2784,0.1566
null_pairwise,40M,dense,code,other,0.0127,0.17517,0.0104
null_loo,40M,dense,code,word,0.3746,0.60124,0.3617
null_loo,40M,dense,code,number,0.0486,1.87389,0.1
null_loo,40M,dense,code,punct,0.113,0.96504,0.1392
null_loo,40M,dense,code,code,0.1786,0.82158,0.203
null_loo,40M,dense,code,space,0.2724,0.51014,0.1862
null_loo,40M,dense,code,other,0.0127,0.27429,0.01
null_pairwise,40M,dense,code,word,0.3746,-0.06172,0.456
null_pairwise,40M,dense,code,number,0.0486,-0.06896,0.0463
null_pairwise,40M,dense,code,punct,0.113,-0.00476,0.1277
null_pairwise,40M,dense,code,code,0.1786,0.02449,0.2228
null_pairwise,40M,dense,code,space,0.2724,-0.46348,0.1303
null_pairwise,40M,dense,code,other,0.0127,-0.19824,0.017
null_loo,40M,dense,code,word,0.3746,-0.34691,0.4838
null_loo,40M,dense,code,number,0.0486,-0.98866,0.0307
null_loo,40M,dense,code,punct,0.113,-0.48609,0.1165
null_loo,40M,dense,code,code,0.1786,-0.39242,0.2198
null_loo,40M,dense,code,space,0.2724,-0.60268,0.1299
null_loo,40M,dense,code,other,0.0127,-0.28582,0.0194
null_loo,40M,dense,code,word,0.3746,-0.25433,0.3934
null_loo,40M,dense,code,number,0.0486,-0.88523,0.0265
null_loo,40M,dense,code,punct,0.113,-0.47895,0.0845
null_loo,40M,dense,code,code,0.1786,-0.42916,0.1549
null_loo,40M,dense,code,space,0.2724,0.09254,0.3203
null_loo,40M,dense,code,other,0.0127,0.01153,0.0203
looped_vs_dense,20M,middle_r8,code,word,0.3746,0.01874,0.3552
looped_vs_dense,20M,middle_r8,code,number,0.0486,0.24857,0.0581
looped_vs_dense,20M,middle_r8,code,punct,0.113,-0.0207,0.0905
looped_vs_dense,20M,middle_r8,code,code,0.1786,0.20065,0.2287
looped_vs_dense,20M,middle_r8,code,space,0.2724,-0.20298,0.2509
looped_vs_dense,20M,middle_r8,code,other,0.0127,0.19495,0.0166
null_pairwise,20M,dense,code,word,0.3746,-0.0277,0.3849
null_pairwise,20M,dense,code,number,0.0486,0.2927,0.0611
null_pairwise,20M,dense,code,punct,0.113,-0.09113,0.0858
null_pairwise,20M,dense,code,code,0.1786,0.05799,0.22
null_pairwise,20M,dense,code,space,0.2724,-0.15753,0.2318
null_pairwise,20M,dense,code,other,0.0127,0.06868,0.0163
null_pairwise,20M,dense,code,word,0.3746,-0.03603,0.2724
null_pairwise,20M,dense,code,number,0.0486,0.13469,0.0364
null_pairwise,20M,dense,code,punct,0.113,-0.02095,0.0697
null_pairwise,20M,dense,code,code,0.1786,0.12187,0.1668
null_pairwise,20M,dense,code,space,0.2724,0.86805,0.4439
null_pairwise,20M,dense,code,other,0.0127,-0.06502,0.0107
null_loo,20M,dense,code,word,0.3746,-0.03187,0.3115
null_loo,20M,dense,code,number,0.0486,0.2137,0.0478
null_loo,20M,dense,code,punct,0.113,-0.05604,0.0722
null_loo,20M,dense,code,code,0.1786,0.08993,0.1909
null_loo,20M,dense,code,space,0.2724,0.35526,0.3646
null_loo,20M,dense,code,other,0.0127,0.00183,0.013
null_pairwise,20M,dense,code,word,0.3746,-0.00833,0.2733
null_pairwise,20M,dense,code,number,0.0486,-0.15802,0.0222
null_pairwise,20M,dense,code,punct,0.113,0.07018,0.0756
null_pairwise,20M,dense,code,code,0.1786,0.06388,0.1417
null_pairwise,20M,dense,code,space,0.2724,1.02558,0.4779
null_pairwise,20M,dense,code,other,0.0127,-0.1337,0.0093
null_loo,20M,dense,code,word,0.3746,0.00969,0.3217
null_loo,20M,dense,code,number,0.0486,-0.22536,0.0233
null_loo,20M,dense,code,punct,0.113,0.08065,0.0882
null_loo,20M,dense,code,code,0.1786,0.00295,0.1572
null_loo,20M,dense,code,space,0.2724,0.59155,0.3988
null_loo,20M,dense,code,other,0.0127,-0.10119,0.0108
null_loo,20M,dense,code,word,0.3746,0.02218,0.499
null_loo,20M,dense,code,number,0.0486,0.01166,0.0511
null_loo,20M,dense,code,punct,0.113,-0.02462,0.12
null_loo,20M,dense,code,code,0.1786,-0.09288,0.2191
null_loo,20M,dense,code,space,0.2724,-0.94681,0.0898
null_loo,20M,dense,code,other,0.0127,0.09936,0.021
