run,rung,cell,valset,token_class,share_of_tokens,dense_loss,looped_loss,mean_delta,share_of_positive_gain
80M_middle_r4_full_s42,80M,middle_r4,fwe,word,0.8447,3.2582,3.2873,-0.02912,0.8813
80M_middle_r4_full_s42,80M,middle_r4,fwe,number,0.0206,2.7561,2.7987,-0.04257,0.0164
80M_middle_r4_full_s42,80M,middle_r4,fwe,punct,0.0852,1.6937,1.6515,0.0422,0.063
80M_middle_r4_full_s42,80M,middle_r4,fwe,code,0.0219,2.1166,2.1824,-0.06582,0.0166
80M_middle_r4_full_s42,80M,middle_r4,fwe,space,0.0152,1.5158,1.5329,-0.0171,0.0104
80M_middle_r4_full_s42,80M,middle_r4,fwe,other,0.0124,2.5798,2.6453,-0.06547,0.0124
80M_middle_r4_full_s42,80M,middle_r4,second,word,0.746,3.5975,3.6294,-0.0319,0.756
80M_middle_r4_full_s42,80M,middle_r4,second,number,0.0291,2.8366,2.8495,-0.01292,0.0258
80M_middle_r4_full_s42,80M,middle_r4,second,punct,0.0908,1.9858,2.0107,-0.0249,0.0724
80M_middle_r4_full_s42,80M,middle_r4,second,code,0.0612,4.0261,3.9374,0.0887,0.0938
80M_middle_r4_full_s42,80M,middle_r4,second,space,0.0588,1.6453,2.2988,-0.65352,0.0363
80M_middle_r4_full_s42,80M,middle_r4,second,other,0.0141,3.115,3.1037,0.0113,0.0157
80M_middle_r4_full_s42,80M,middle_r4,finemath,word,0.5712,3.2633,3.2334,0.02995,0.5678
80M_middle_r4_full_s42,80M,middle_r4,finemath,number,0.0892,2.8029,2.7715,0.03141,0.0896
80M_middle_r4_full_s42,80M,middle_r4,finemath,punct,0.0957,1.806,1.8045,0.00149,0.0681
80M_middle_r4_full_s42,80M,middle_r4,finemath,code,0.1471,3.8046,3.656,0.14857,0.1982
80M_middle_r4_full_s42,80M,middle_r4,finemath,space,0.0895,2.5218,2.6325,-0.11069,0.0691
80M_middle_r4_full_s42,80M,middle_r4,finemath,other,0.0073,3.1521,3.1435,0.00855,0.0071
80M_middle_r4_full_s42,80M,middle_r4,code,word,0.3746,3.2652,3.3226,-0.0574,0.434
80M_middle_r4_full_s42,80M,middle_r4,code,number,0.0486,2.7539,2.6551,0.09876,0.0538
80M_middle_r4_full_s42,80M,middle_r4,code,punct,0.113,1.9496,1.9903,-0.04072,0.1106
80M_middle_r4_full_s42,80M,middle_r4,code,code,0.1786,3.0347,3.3154,-0.28065,0.1783
80M_middle_r4_full_s42,80M,middle_r4,code,space,0.2724,3.4951,3.9227,-0.4276,0.2054
80M_middle_r4_full_s42,80M,middle_r4,code,other,0.0127,3.9938,4.0372,-0.04339,0.0178
80M_middle_r8_full_s42,80M,middle_r8,fwe,word,0.8447,3.2582,3.294,-0.03577,0.881
80M_middle_r8_full_s42,80M,middle_r8,fwe,number,0.0206,2.7561,2.795,-0.03887,0.0164
80M_middle_r8_full_s42,80M,middle_r8,fwe,punct,0.0852,1.6937,1.6596,0.03416,0.0623
80M_middle_r8_full_s42,80M,middle_r8,fwe,code,0.0219,2.1166,2.1998,-0.08321,0.0161
80M_middle_r8_full_s42,80M,middle_r8,fwe,space,0.0152,1.5158,1.4939,0.02193,0.0114
80M_middle_r8_full_s42,80M,middle_r8,fwe,other,0.0124,2.5798,2.6229,-0.04303,0.0128
80M_middle_r8_full_s42,80M,middle_r8,second,word,0.746,3.5975,3.6265,-0.02903,0.7424
80M_middle_r8_full_s42,80M,middle_r8,second,number,0.0291,2.8366,2.8373,-0.00065,0.0252
80M_middle_r8_full_s42,80M,middle_r8,second,punct,0.0908,1.9858,1.9367,0.04913,0.075
80M_middle_r8_full_s42,80M,middle_r8,second,code,0.0612,4.0261,4.0347,-0.00865,0.0798
80M_middle_r8_full_s42,80M,middle_r8,second,space,0.0588,1.6453,1.3998,0.24557,0.0621
80M_middle_r8_full_s42,80M,middle_r8,second,other,0.0141,3.115,3.096,0.01897,0.0155
80M_middle_r8_full_s42,80M,middle_r8,finemath,word,0.5712,3.2633,3.2438,0.0195,0.5651
80M_middle_r8_full_s42,80M,middle_r8,finemath,number,0.0892,2.8029,2.7278,0.07509,0.0923
80M_middle_r8_full_s42,80M,middle_r8,finemath,punct,0.0957,1.806,1.8028,0.00317,0.0681
80M_middle_r8_full_s42,80M,middle_r8,finemath,code,0.1471,3.8046,3.8177,-0.01313,0.177
80M_middle_r8_full_s42,80M,middle_r8,finemath,space,0.0895,2.5218,2.3907,0.13114,0.0902
80M_middle_r8_full_s42,80M,middle_r8,finemath,other,0.0073,3.1521,3.1313,0.02074,0.0074
80M_middle_r8_full_s42,80M,middle_r8,code,word,0.3746,3.2652,3.1954,0.06973,0.3899
80M_middle_r8_full_s42,80M,middle_r8,code,number,0.0486,2.7539,2.6532,0.10067,0.042
80M_middle_r8_full_s42,80M,middle_r8,code,punct,0.113,1.9496,1.917,0.03255,0.0919
80M_middle_r8_full_s42,80M,middle_r8,code,code,0.1786,3.0347,3.1661,-0.13134,0.1519
80M_middle_r8_full_s42,80M,middle_r8,code,space,0.2724,3.4951,3.0881,0.40699,0.3079
80M_middle_r8_full_s42,80M,middle_r8,code,other,0.0127,3.9938,3.9097,0.08413,0.0164
80M_whole_r8_full_s42,80M,whole_r8,fwe,word,0.8447,3.2582,3.3073,-0.04912,0.8794
80M_whole_r8_full_s42,80M,whole_r8,fwe,number,0.0206,2.7561,2.7891,-0.03298,0.0168
80M_whole_r8_full_s42,80M,whole_r8,fwe,punct,0.0852,1.6937,1.6533,0.04041,0.0642
80M_whole_r8_full_s42,80M,whole_r8,fwe,code,0.0219,2.1166,2.1981,-0.08148,0.0167
80M_whole_r8_full_s42,80M,whole_r8,fwe,space,0.0152,1.5158,1.5251,-0.00934,0.0107
80M_whole_r8_full_s42,80M,whole_r8,fwe,other,0.0124,2.5798,2.6711,-0.09132,0.0123
80M_whole_r8_full_s42,80M,whole_r8,second,word,0.746,3.5975,3.6309,-0.03337,0.7219
80M_whole_r8_full_s42,80M,whole_r8,second,number,0.0291,2.8366,2.8254,0.01118,0.025
80M_whole_r8_full_s42,80M,whole_r8,second,punct,0.0908,1.9858,1.9402,0.04564,0.0742
80M_whole_r8_full_s42,80M,whole_r8,second,code,0.0612,4.0261,3.8377,0.18838,0.1081
80M_whole_r8_full_s42,80M,whole_r8,second,space,0.0588,1.6453,1.5555,0.08987,0.055
80M_whole_r8_full_s42,80M,whole_r8,second,other,0.0141,3.115,3.0642,0.05083,0.0158
80M_whole_r8_full_s42,80M,whole_r8,finemath,word,0.5712,3.2633,3.2435,0.01982,0.53
80M_whole_r8_full_s42,80M,whole_r8,finemath,number,0.0892,2.8029,2.7112,0.0917,0.0896
80M_whole_r8_full_s42,80M,whole_r8,finemath,punct,0.0957,1.806,1.7853,0.02062,0.0665
80M_whole_r8_full_s42,80M,whole_r8,finemath,code,0.1471,3.8046,3.675,0.12953,0.2306
80M_whole_r8_full_s42,80M,whole_r8,finemath,space,0.0895,2.5218,2.5227,-0.00084,0.0761
80M_whole_r8_full_s42,80M,whole_r8,finemath,other,0.0073,3.1521,3.1071,0.04499,0.0071
80M_whole_r8_full_s42,80M,whole_r8,code,word,0.3746,3.2652,3.2065,0.05866,0.3529
80M_whole_r8_full_s42,80M,whole_r8,code,number,0.0486,2.7539,2.6332,0.12063,0.0404
80M_whole_r8_full_s42,80M,whole_r8,code,punct,0.113,1.9496,1.8974,0.05218,0.0835
80M_whole_r8_full_s42,80M,whole_r8,code,code,0.1786,3.0347,2.9913,0.04348,0.1867
80M_whole_r8_full_s42,80M,whole_r8,code,space,0.2724,3.4951,3.1452,0.34992,0.3216
80M_whole_r8_full_s42,80M,whole_r8,code,other,0.0127,3.9938,3.8398,0.15399,0.0148
80M_whole_r8_k4_s42,80M,whole_r8_k4,fwe,word,0.8447,3.2582,3.9473,-0.68906,0.8381
80M_whole_r8_k4_s42,80M,whole_r8_k4,fwe,number,0.0206,2.7561,3.2796,-0.52351,0.0161
80M_whole_r8_k4_s42,80M,whole_r8_k4,fwe,punct,0.0852,1.6937,1.7325,-0.03872,0.1052
80M_whole_r8_k4_s42,80M,whole_r8_k4,fwe,code,0.0219,2.1166,2.4887,-0.37212,0.0197
80M_whole_r8_k4_s42,80M,whole_r8_k4,fwe,space,0.0152,1.5158,2.0168,-0.50101,0.0075
80M_whole_r8_k4_s42,80M,whole_r8_k4,fwe,other,0.0124,2.5798,3.0853,-0.5055,0.0134
80M_whole_r8_k4_s42,80M,whole_r8_k4,second,word,0.746,3.5975,4.4063,-0.80883,0.7149
80M_whole_r8_k4_s42,80M,whole_r8_k4,second,number,0.0291,2.8366,3.4934,-0.6568,0.0215
80M_whole_r8_k4_s42,80M,whole_r8_k4,second,punct,0.0908,1.9858,2.5955,-0.60969,0.103
80M_whole_r8_k4_s42,80M,whole_r8_k4,second,code,0.0612,4.0261,4.7074,-0.68138,0.1074
80M_whole_r8_k4_s42,80M,whole_r8_k4,second,space,0.0588,1.6453,3.7693,-2.12394,0.0366
80M_whole_r8_k4_s42,80M,whole_r8_k4,second,other,0.0141,3.115,3.6813,-0.56629,0.0165
80M_whole_r8_k4_s42,80M,whole_r8_k4,finemath,word,0.5712,3.2633,4.0788,-0.81547,0.495
80M_whole_r8_k4_s42,80M,whole_r8_k4,finemath,number,0.0892,2.8029,3.5434,-0.74049,0.0671
80M_whole_r8_k4_s42,80M,whole_r8_k4,finemath,punct,0.0957,1.806,2.4776,-0.67168,0.0935
80M_whole_r8_k4_s42,80M,whole_r8_k4,finemath,code,0.1471,3.8046,4.51,-0.70543,0.2392
80M_whole_r8_k4_s42,80M,whole_r8_k4,finemath,space,0.0895,2.5218,3.1815,-0.65962,0.0971
80M_whole_r8_k4_s42,80M,whole_r8_k4,finemath,other,0.0073,3.1521,3.6507,-0.4986,0.0083
80M_whole_r8_k4_s42,80M,whole_r8_k4,code,word,0.3746,3.2652,4.7634,-1.49828,0.2964
80M_whole_r8_k4_s42,80M,whole_r8_k4,code,number,0.0486,2.7539,3.4589,-0.70508,0.0326
80M_whole_r8_k4_s42,80M,whole_r8_k4,code,punct,0.113,1.9496,3.3448,-1.3952,0.0823
80M_whole_r8_k4_s42,80M,whole_r8_k4,code,code,0.1786,3.0347,4.5023,-1.46752,0.1486
80M_whole_r8_k4_s42,80M,whole_r8_k4,code,space,0.2724,3.4951,5.5456,-2.05048,0.4259
80M_whole_r8_k4_s42,80M,whole_r8_k4,code,other,0.0127,3.9938,5.274,-1.28022,0.0142
40M_middle_r8_full_s42,40M,middle_r8,fwe,word,0.8447,3.4424,3.4894,-0.04693,0.8872
40M_middle_r8_full_s42,40M,middle_r8,fwe,number,0.0206,2.8619,2.908,-0.04615,0.0164
40M_middle_r8_full_s42,40M,middle_r8,fwe,punct,0.0852,1.7272,1.7833,-0.05607,0.0525
40M_middle_r8_full_s42,40M,middle_r8,fwe,code,0.0219,2.2637,2.2911,-0.02738,0.0185
40M_middle_r8_full_s42,40M,middle_r8,fwe,space,0.0152,1.6001,1.5732,0.02693,0.012
40M_middle_r8_full_s42,40M,middle_r8,fwe,other,0.0124,2.7742,2.8381,-0.0639,0.0134
40M_middle_r8_full_s42,40M,middle_r8,second,word,0.746,3.7901,3.8452,-0.05505,0.7584
40M_middle_r8_full_s42,40M,middle_r8,second,number,0.0291,2.9185,2.9394,-0.02094,0.0252
40M_middle_r8_full_s42,40M,middle_r8,second,punct,0.0908,2.0428,2.0957,-0.0529,0.0678
40M_middle_r8_full_s42,40M,middle_r8,second,code,0.0612,3.9862,4.2938,-0.30765,0.0641
40M_middle_r8_full_s42,40M,middle_r8,second,space,0.0588,1.6843,1.4372,0.24715,0.0706
40M_middle_r8_full_s42,40M,middle_r8,second,other,0.0141,3.1126,3.2511,-0.1385,0.0138
40M_middle_r8_full_s42,40M,middle_r8,finemath,word,0.5712,3.4576,3.4639,-0.00627,0.5836
40M_middle_r8_full_s42,40M,middle_r8,finemath,number,0.0892,2.8542,2.908,-0.05383,0.0847
40M_middle_r8_full_s42,40M,middle_r8,finemath,punct,0.0957,1.9405,1.9173,0.02318,0.0802
40M_middle_r8_full_s42,40M,middle_r8,finemath,code,0.1471,3.8205,4.0912,-0.27068,0.1532
40M_middle_r8_full_s42,40M,middle_r8,finemath,space,0.0895,2.3801,2.3488,0.03124,0.0912
40M_middle_r8_full_s42,40M,middle_r8,finemath,other,0.0073,3.2688,3.3385,-0.06973,0.007
40M_middle_r8_full_s42,40M,middle_r8,code,word,0.3746,3.5661,3.6947,-0.12864,0.3
40M_middle_r8_full_s42,40M,middle_r8,code,number,0.0486,2.8467,2.8784,-0.03163,0.0371
40M_middle_r8_full_s42,40M,middle_r8,code,punct,0.113,2.4187,2.223,0.19572,0.1252
40M_middle_r8_full_s42,40M,middle_r8,code,code,0.1786,3.334,3.5541,-0.22015,0.1368
40M_middle_r8_full_s42,40M,middle_r8,code,space,0.2724,3.826,3.1694,0.65657,0.3897
40M_middle_r8_full_s42,40M,middle_r8,code,other,0.0127,4.1688,4.3588,-0.19,0.0112
20M_middle_r8_full_s42,20M,middle_r8,fwe,word,0.8447,3.6357,3.6926,-0.05692,0.8766
20M_middle_r8_full_s42,20M,middle_r8,fwe,number,0.0206,2.9729,2.9823,-0.0094,0.0173
20M_middle_r8_full_s42,20M,middle_r8,fwe,punct,0.0852,1.8485,1.8459,0.00254,0.0601
20M_middle_r8_full_s42,20M,middle_r8,fwe,code,0.0219,2.4244,2.3729,0.0515,0.0218
20M_middle_r8_full_s42,20M,middle_r8,fwe,space,0.0152,1.6893,1.7046,-0.0153,0.0109
20M_middle_r8_full_s42,20M,middle_r8,fwe,other,0.0124,2.9347,2.9798,-0.0451,0.0134
20M_middle_r8_full_s42,20M,middle_r8,second,word,0.746,4.0114,4.0354,-0.02401,0.6497
20M_middle_r8_full_s42,20M,middle_r8,second,number,0.0291,3.0562,2.991,0.06528,0.0232
20M_middle_r8_full_s42,20M,middle_r8,second,punct,0.0908,2.1843,2.1521,0.03221,0.0673
20M_middle_r8_full_s42,20M,middle_r8,second,code,0.0612,4.6227,4.0837,0.53902,0.1158
20M_middle_r8_full_s42,20M,middle_r8,second,space,0.0588,2.5015,1.756,0.74551,0.1302
20M_middle_r8_full_s42,20M,middle_r8,second,other,0.0141,3.4711,3.432,0.03912,0.0138
20M_middle_r8_full_s42,20M,middle_r8,finemath,word,0.5712,3.6996,3.6759,0.02366,0.4966
20M_middle_r8_full_s42,20M,middle_r8,finemath,number,0.0892,2.995,2.892,0.10302,0.0795
20M_middle_r8_full_s42,20M,middle_r8,finemath,punct,0.0957,2.0735,2.0077,0.0658,0.0681
20M_middle_r8_full_s42,20M,middle_r8,finemath,code,0.1471,4.3176,3.846,0.47151,0.2403
20M_middle_r8_full_s42,20M,middle_r8,finemath,space,0.0895,2.625,2.251,0.37401,0.1093
20M_middle_r8_full_s42,20M,middle_r8,finemath,other,0.0073,3.4862,3.4736,0.01253,0.0062
20M_middle_r8_full_s42,20M,middle_r8,code,word,0.3746,3.9708,3.773,0.19783,0.321
20M_middle_r8_full_s42,20M,middle_r8,code,number,0.0486,3.0299,2.8905,0.13941,0.0298
20M_middle_r8_full_s42,20M,middle_r8,code,punct,0.113,2.3116,2.3495,-0.03781,0.0739
20M_middle_r8_full_s42,20M,middle_r8,code,code,0.1786,3.8069,3.2805,0.5264,0.1983
20M_middle_r8_full_s42,20M,middle_r8,code,space,0.2724,4.2574,3.5437,0.71365,0.3638
20M_middle_r8_full_s42,20M,middle_r8,code,other,0.0127,4.7633,4.3905,0.37272,0.0132
