run,rung,cell,valset,dense_loss_decile,dense_loss,mean_delta,share_of_positive_gain
80M_middle_r4_full_s42,80M,middle_r4,fwe,1,0.0244,-0.06908,0.0018
80M_middle_r4_full_s42,80M,middle_r4,fwe,2,0.2442,-0.18385,0.016
80M_middle_r4_full_s42,80M,middle_r4,fwe,3,0.7262,-0.1911,0.0396
80M_middle_r4_full_s42,80M,middle_r4,fwe,4,1.317,-0.14552,0.064
80M_middle_r4_full_s42,80M,middle_r4,fwe,5,1.9857,-0.10153,0.0879
80M_middle_r4_full_s42,80M,middle_r4,fwe,6,2.763,-0.05827,0.111
80M_middle_r4_full_s42,80M,middle_r4,fwe,7,3.6809,-0.02346,0.129
80M_middle_r4_full_s42,80M,middle_r4,fwe,8,4.7703,0.0374,0.1476
80M_middle_r4_full_s42,80M,middle_r4,fwe,9,6.1775,0.12681,0.1718
80M_middle_r4_full_s42,80M,middle_r4,fwe,10,8.8476,0.36418,0.2312
80M_middle_r4_full_s42,80M,middle_r4,second,1,0.0237,-0.17705,0.0014
80M_middle_r4_full_s42,80M,middle_r4,second,2,0.197,-0.42275,0.0126
80M_middle_r4_full_s42,80M,middle_r4,second,3,0.6956,-0.28605,0.0388
80M_middle_r4_full_s42,80M,middle_r4,second,4,1.3922,-0.19776,0.0645
80M_middle_r4_full_s42,80M,middle_r4,second,5,2.1687,-0.11535,0.0898
80M_middle_r4_full_s42,80M,middle_r4,second,6,3.0488,-0.0509,0.1131
80M_middle_r4_full_s42,80M,middle_r4,second,7,4.0258,-0.00256,0.1298
80M_middle_r4_full_s42,80M,middle_r4,second,8,5.1522,0.06641,0.1476
80M_middle_r4_full_s42,80M,middle_r4,second,9,6.6454,0.17723,0.1757
80M_middle_r4_full_s42,80M,middle_r4,second,10,9.9749,0.41541,0.2267
80M_middle_r4_full_s42,80M,middle_r4,finemath,1,0.0185,-0.05287,0.0012
80M_middle_r4_full_s42,80M,middle_r4,finemath,2,0.1211,-0.12015,0.0097
80M_middle_r4_full_s42,80M,middle_r4,finemath,3,0.4206,-0.16879,0.0302
80M_middle_r4_full_s42,80M,middle_r4,finemath,4,0.978,-0.15446,0.0579
80M_middle_r4_full_s42,80M,middle_r4,finemath,5,1.732,-0.09243,0.0871
80M_middle_r4_full_s42,80M,middle_r4,finemath,6,2.6163,-0.04369,0.1091
80M_middle_r4_full_s42,80M,middle_r4,finemath,7,3.6088,0.01754,0.1303
80M_middle_r4_full_s42,80M,middle_r4,finemath,8,4.763,0.10283,0.1501
80M_middle_r4_full_s42,80M,middle_r4,finemath,9,6.2922,0.2828,0.1907
80M_middle_r4_full_s42,80M,middle_r4,finemath,10,10.3899,0.54892,0.2337
80M_middle_r4_full_s42,80M,middle_r4,code,1,0.0133,-0.17275,0.0008
80M_middle_r4_full_s42,80M,middle_r4,code,2,0.0552,-0.52772,0.0029
80M_middle_r4_full_s42,80M,middle_r4,code,3,0.1285,-0.54622,0.0079
80M_middle_r4_full_s42,80M,middle_r4,code,4,0.3179,-0.46958,0.0263
80M_middle_r4_full_s42,80M,middle_r4,code,5,0.8159,-0.42329,0.0636
80M_middle_r4_full_s42,80M,middle_r4,code,6,1.7722,-0.2516,0.1132
80M_middle_r4_full_s42,80M,middle_r4,code,7,3.0154,-0.1113,0.1514
80M_middle_r4_full_s42,80M,middle_r4,code,8,4.5258,0.11779,0.2013
80M_middle_r4_full_s42,80M,middle_r4,code,9,6.5998,0.1675,0.2146
80M_middle_r4_full_s42,80M,middle_r4,code,10,13.9624,0.33169,0.218
80M_middle_r8_full_s42,80M,middle_r8,fwe,1,0.0244,-0.07041,0.0018
80M_middle_r8_full_s42,80M,middle_r8,fwe,2,0.2442,-0.18645,0.016
80M_middle_r8_full_s42,80M,middle_r8,fwe,3,0.7262,-0.19163,0.0403
80M_middle_r8_full_s42,80M,middle_r8,fwe,4,1.317,-0.14396,0.0655
80M_middle_r8_full_s42,80M,middle_r8,fwe,5,1.9857,-0.1029,0.0886
80M_middle_r8_full_s42,80M,middle_r8,fwe,6,2.763,-0.06256,0.1113
80M_middle_r8_full_s42,80M,middle_r8,fwe,7,3.6809,-0.02498,0.13
80M_middle_r8_full_s42,80M,middle_r8,fwe,8,4.7703,0.02475,0.1472
80M_middle_r8_full_s42,80M,middle_r8,fwe,9,6.1775,0.11433,0.1712
80M_middle_r8_full_s42,80M,middle_r8,fwe,10,8.8476,0.34202,0.228
80M_middle_r8_full_s42,80M,middle_r8,second,1,0.0237,-0.06628,0.0017
80M_middle_r8_full_s42,80M,middle_r8,second,2,0.197,-0.15743,0.0159
80M_middle_r8_full_s42,80M,middle_r8,second,3,0.6956,-0.19231,0.0424
80M_middle_r8_full_s42,80M,middle_r8,second,4,1.3922,-0.13517,0.069
80M_middle_r8_full_s42,80M,middle_r8,second,5,2.1687,-0.08304,0.0926
80M_middle_r8_full_s42,80M,middle_r8,second,6,3.0488,-0.03084,0.1146
80M_middle_r8_full_s42,80M,middle_r8,second,7,4.0258,0.01492,0.1301
80M_middle_r8_full_s42,80M,middle_r8,second,8,5.1522,0.07787,0.147
80M_middle_r8_full_s42,80M,middle_r8,second,9,6.6454,0.16467,0.1705
80M_middle_r8_full_s42,80M,middle_r8,second,10,9.9749,0.37639,0.2161
80M_middle_r8_full_s42,80M,middle_r8,finemath,1,0.0185,-0.05205,0.0013
80M_middle_r8_full_s42,80M,middle_r8,finemath,2,0.1211,-0.12445,0.0098
80M_middle_r8_full_s42,80M,middle_r8,finemath,3,0.4206,-0.1783,0.0299
80M_middle_r8_full_s42,80M,middle_r8,finemath,4,0.978,-0.16889,0.0578
80M_middle_r8_full_s42,80M,middle_r8,finemath,5,1.732,-0.12044,0.0854
80M_middle_r8_full_s42,80M,middle_r8,finemath,6,2.6163,-0.06754,0.1071
80M_middle_r8_full_s42,80M,middle_r8,finemath,7,3.6088,0.00845,0.1289
80M_middle_r8_full_s42,80M,middle_r8,finemath,8,4.763,0.09713,0.1489
80M_middle_r8_full_s42,80M,middle_r8,finemath,9,6.2922,0.29229,0.19
80M_middle_r8_full_s42,80M,middle_r8,finemath,10,10.3899,0.59396,0.2409
80M_middle_r8_full_s42,80M,middle_r8,code,1,0.0133,-0.03858,0.0007
80M_middle_r8_full_s42,80M,middle_r8,code,2,0.0552,-0.06092,0.004
80M_middle_r8_full_s42,80M,middle_r8,code,3,0.1285,-0.09795,0.0113
80M_middle_r8_full_s42,80M,middle_r8,code,4,0.3179,-0.11587,0.0281
80M_middle_r8_full_s42,80M,middle_r8,code,5,0.8159,-0.08109,0.0676
80M_middle_r8_full_s42,80M,middle_r8,code,6,1.7722,0.09069,0.122
80M_middle_r8_full_s42,80M,middle_r8,code,7,3.0154,0.23929,0.1664
80M_middle_r8_full_s42,80M,middle_r8,code,8,4.5258,0.39128,0.2
80M_middle_r8_full_s42,80M,middle_r8,code,9,6.5998,0.33841,0.1912
80M_middle_r8_full_s42,80M,middle_r8,code,10,13.9624,0.56607,0.2087
80M_whole_r8_full_s42,80M,whole_r8,fwe,1,0.0244,-0.06833,0.0019
80M_whole_r8_full_s42,80M,whole_r8,fwe,2,0.2442,-0.18165,0.0166
80M_whole_r8_full_s42,80M,whole_r8,fwe,3,0.7262,-0.19081,0.0411
80M_whole_r8_full_s42,80M,whole_r8,fwe,4,1.317,-0.14737,0.0661
80M_whole_r8_full_s42,80M,whole_r8,fwe,5,1.9857,-0.11407,0.0891
80M_whole_r8_full_s42,80M,whole_r8,fwe,6,2.763,-0.08,0.1109
80M_whole_r8_full_s42,80M,whole_r8,fwe,7,3.6809,-0.04519,0.1288
80M_whole_r8_full_s42,80M,whole_r8,fwe,8,4.7703,0.00664,0.1464
80M_whole_r8_full_s42,80M,whole_r8,fwe,9,6.1775,0.09165,0.1712
80M_whole_r8_full_s42,80M,whole_r8,fwe,10,8.8476,0.31082,0.2281
80M_whole_r8_full_s42,80M,whole_r8,second,1,0.0237,-0.07169,0.0015
80M_whole_r8_full_s42,80M,whole_r8,second,2,0.197,-0.18595,0.0138
80M_whole_r8_full_s42,80M,whole_r8,second,3,0.6956,-0.19549,0.0412
80M_whole_r8_full_s42,80M,whole_r8,second,4,1.3922,-0.13946,0.0677
80M_whole_r8_full_s42,80M,whole_r8,second,5,2.1687,-0.08845,0.0902
80M_whole_r8_full_s42,80M,whole_r8,second,6,3.0488,-0.04308,0.1115
80M_whole_r8_full_s42,80M,whole_r8,second,7,4.0258,-0.00078,0.1262
80M_whole_r8_full_s42,80M,whole_r8,second,8,5.1522,0.06324,0.1431
80M_whole_r8_full_s42,80M,whole_r8,second,9,6.6454,0.14904,0.1661
80M_whole_r8_full_s42,80M,whole_r8,second,10,9.9749,0.48276,0.2388
80M_whole_r8_full_s42,80M,whole_r8,finemath,1,0.0185,-0.04825,0.0013
80M_whole_r8_full_s42,80M,whole_r8,finemath,2,0.1211,-0.115,0.0096
80M_whole_r8_full_s42,80M,whole_r8,finemath,3,0.4206,-0.15736,0.0299
80M_whole_r8_full_s42,80M,whole_r8,finemath,4,0.978,-0.16363,0.0571
80M_whole_r8_full_s42,80M,whole_r8,finemath,5,1.732,-0.12414,0.083
80M_whole_r8_full_s42,80M,whole_r8,finemath,6,2.6163,-0.07413,0.1029
80M_whole_r8_full_s42,80M,whole_r8,finemath,7,3.6088,-0.0112,0.1219
80M_whole_r8_full_s42,80M,whole_r8,finemath,8,4.763,0.06696,0.1395
80M_whole_r8_full_s42,80M,whole_r8,finemath,9,6.2922,0.24768,0.1782
80M_whole_r8_full_s42,80M,whole_r8,finemath,10,10.3899,0.78571,0.2765
80M_whole_r8_full_s42,80M,whole_r8,code,1,0.0133,-0.04364,0.0006
80M_whole_r8_full_s42,80M,whole_r8,code,2,0.0552,-0.11537,0.0024
80M_whole_r8_full_s42,80M,whole_r8,code,3,0.1285,-0.15885,0.0068
80M_whole_r8_full_s42,80M,whole_r8,code,4,0.3179,-0.18911,0.0205
80M_whole_r8_full_s42,80M,whole_r8,code,5,0.8159,-0.17131,0.0531
80M_whole_r8_full_s42,80M,whole_r8,code,6,1.7722,0.01426,0.1016
80M_whole_r8_full_s42,80M,whole_r8,code,7,3.0154,0.18285,0.1433
80M_whole_r8_full_s42,80M,whole_r8,code,8,4.5258,0.30683,0.1741
80M_whole_r8_full_s42,80M,whole_r8,code,9,6.5998,0.30768,0.1729
80M_whole_r8_full_s42,80M,whole_r8,code,10,13.9624,1.25297,0.3248
80M_whole_r8_k4_s42,80M,whole_r8_k4,fwe,1,0.0244,-0.59726,0.0007
80M_whole_r8_k4_s42,80M,whole_r8_k4,fwe,2,0.2442,-0.8208,0.0128
80M_whole_r8_k4_s42,80M,whole_r8_k4,fwe,3,0.7262,-0.76479,0.0402
80M_whole_r8_k4_s42,80M,whole_r8_k4,fwe,4,1.317,-0.67981,0.0703
80M_whole_r8_k4_s42,80M,whole_r8_k4,fwe,5,1.9857,-0.68267,0.092
80M_whole_r8_k4_s42,80M,whole_r8_k4,fwe,6,2.763,-0.71421,0.1067
80M_whole_r8_k4_s42,80M,whole_r8_k4,fwe,7,3.6809,-0.73704,0.1147
80M_whole_r8_k4_s42,80M,whole_r8_k4,fwe,8,4.7703,-0.66289,0.13
80M_whole_r8_k4_s42,80M,whole_r8_k4,fwe,9,6.1775,-0.5216,0.1584
80M_whole_r8_k4_s42,80M,whole_r8_k4,fwe,10,8.8476,-0.00115,0.2741
80M_whole_r8_k4_s42,80M,whole_r8_k4,second,1,0.0237,-0.99981,0.0004
80M_whole_r8_k4_s42,80M,whole_r8_k4,second,2,0.197,-1.6022,0.0064
80M_whole_r8_k4_s42,80M,whole_r8_k4,second,3,0.6956,-1.21104,0.03
80M_whole_r8_k4_s42,80M,whole_r8_k4,second,4,1.3922,-1.01785,0.0584
80M_whole_r8_k4_s42,80M,whole_r8_k4,second,5,2.1687,-0.96807,0.0785
80M_whole_r8_k4_s42,80M,whole_r8_k4,second,6,3.0488,-0.95622,0.0911
80M_whole_r8_k4_s42,80M,whole_r8_k4,second,7,4.0258,-0.86721,0.1018
80M_whole_r8_k4_s42,80M,whole_r8_k4,second,8,5.1522,-0.70308,0.126
80M_whole_r8_k4_s42,80M,whole_r8_k4,second,9,6.6454,-0.47541,0.1683
80M_whole_r8_k4_s42,80M,whole_r8_k4,second,10,9.9749,0.27514,0.339
80M_whole_r8_k4_s42,80M,whole_r8_k4,finemath,1,0.0185,-0.73625,0.0003
80M_whole_r8_k4_s42,80M,whole_r8_k4,finemath,2,0.1211,-1.09149,0.0039
80M_whole_r8_k4_s42,80M,whole_r8_k4,finemath,3,0.4206,-1.14694,0.018
80M_whole_r8_k4_s42,80M,whole_r8_k4,finemath,4,0.978,-1.09712,0.0427
80M_whole_r8_k4_s42,80M,whole_r8_k4,finemath,5,1.732,-1.04743,0.0678
80M_whole_r8_k4_s42,80M,whole_r8_k4,finemath,6,2.6163,-0.98616,0.0844
80M_whole_r8_k4_s42,80M,whole_r8_k4,finemath,7,3.6088,-0.8857,0.1014
80M_whole_r8_k4_s42,80M,whole_r8_k4,finemath,8,4.763,-0.71008,0.1269
80M_whole_r8_k4_s42,80M,whole_r8_k4,finemath,9,6.2922,-0.42375,0.177
80M_whole_r8_k4_s42,80M,whole_r8_k4,finemath,10,10.3899,0.49736,0.3776
80M_whole_r8_k4_s42,80M,whole_r8_k4,code,1,0.0133,-1.36686,0.0
80M_whole_r8_k4_s42,80M,whole_r8_k4,code,2,0.0552,-2.85773,0.0001
80M_whole_r8_k4_s42,80M,whole_r8_k4,code,3,0.1285,-2.71133,0.0006
80M_whole_r8_k4_s42,80M,whole_r8_k4,code,4,0.3179,-2.51875,0.0037
80M_whole_r8_k4_s42,80M,whole_r8_k4,code,5,0.8159,-2.34989,0.0153
80M_whole_r8_k4_s42,80M,whole_r8_k4,code,6,1.7722,-2.13023,0.0411
80M_whole_r8_k4_s42,80M,whole_r8_k4,code,7,3.0154,-1.68676,0.0607
80M_whole_r8_k4_s42,80M,whole_r8_k4,code,8,4.5258,-1.19413,0.1014
80M_whole_r8_k4_s42,80M,whole_r8_k4,code,9,6.5998,-0.62862,0.1686
80M_whole_r8_k4_s42,80M,whole_r8_k4,code,10,13.9624,1.53693,0.6085
40M_middle_r8_full_s42,40M,middle_r8,fwe,1,0.0338,-0.09345,0.0023
40M_middle_r8_full_s42,40M,middle_r8,fwe,2,0.3032,-0.227,0.0181
40M_middle_r8_full_s42,40M,middle_r8,fwe,3,0.8334,-0.22723,0.0411
40M_middle_r8_full_s42,40M,middle_r8,fwe,4,1.4544,-0.18567,0.0639
40M_middle_r8_full_s42,40M,middle_r8,fwe,5,2.1607,-0.13798,0.0868
40M_middle_r8_full_s42,40M,middle_r8,fwe,6,2.978,-0.09274,0.1088
40M_middle_r8_full_s42,40M,middle_r8,fwe,7,3.9225,-0.03922,0.127
40M_middle_r8_full_s42,40M,middle_r8,fwe,8,5.0211,0.02576,0.1464
40M_middle_r8_full_s42,40M,middle_r8,fwe,9,6.4297,0.12085,0.1704
40M_middle_r8_full_s42,40M,middle_r8,fwe,10,9.0779,0.39271,0.2352
40M_middle_r8_full_s42,40M,middle_r8,second,1,0.0326,-0.11309,0.0021
40M_middle_r8_full_s42,40M,middle_r8,second,2,0.2616,-0.23199,0.0206
40M_middle_r8_full_s42,40M,middle_r8,second,3,0.7864,-0.26377,0.0468
40M_middle_r8_full_s42,40M,middle_r8,second,4,1.4971,-0.22147,0.0686
40M_middle_r8_full_s42,40M,middle_r8,second,5,2.3024,-0.15663,0.091
40M_middle_r8_full_s42,40M,middle_r8,second,6,3.2151,-0.10439,0.1105
40M_middle_r8_full_s42,40M,middle_r8,second,7,4.2266,-0.05203,0.1225
40M_middle_r8_full_s42,40M,middle_r8,second,8,5.3834,0.0413,0.1439
40M_middle_r8_full_s42,40M,middle_r8,second,9,6.8934,0.13767,0.1658
40M_middle_r8_full_s42,40M,middle_r8,second,10,10.2363,0.43592,0.2282
40M_middle_r8_full_s42,40M,middle_r8,finemath,1,0.0175,-0.08175,0.001
40M_middle_r8_full_s42,40M,middle_r8,finemath,2,0.1241,-0.2261,0.009
40M_middle_r8_full_s42,40M,middle_r8,finemath,3,0.4429,-0.34516,0.0292
40M_middle_r8_full_s42,40M,middle_r8,finemath,4,1.0351,-0.28258,0.0588
40M_middle_r8_full_s42,40M,middle_r8,finemath,5,1.8264,-0.19261,0.0883
40M_middle_r8_full_s42,40M,middle_r8,finemath,6,2.7419,-0.0963,0.1119
40M_middle_r8_full_s42,40M,middle_r8,finemath,7,3.7623,-0.01203,0.1316
40M_middle_r8_full_s42,40M,middle_r8,finemath,8,4.9487,0.08683,0.1525
40M_middle_r8_full_s42,40M,middle_r8,finemath,9,6.5081,0.23177,0.1839
40M_middle_r8_full_s42,40M,middle_r8,finemath,10,10.7227,0.48021,0.2339
40M_middle_r8_full_s42,40M,middle_r8,code,1,0.016,-0.15612,0.0005
40M_middle_r8_full_s42,40M,middle_r8,code,2,0.0911,-0.32648,0.0035
40M_middle_r8_full_s42,40M,middle_r8,code,3,0.2106,-0.17825,0.0129
40M_middle_r8_full_s42,40M,middle_r8,code,4,0.4288,-0.18633,0.0301
40M_middle_r8_full_s42,40M,middle_r8,code,5,0.987,-0.27169,0.0587
40M_middle_r8_full_s42,40M,middle_r8,code,6,2.1088,-0.15612,0.0989
40M_middle_r8_full_s42,40M,middle_r8,code,7,3.4524,0.15127,0.1429
40M_middle_r8_full_s42,40M,middle_r8,code,8,4.9704,0.40089,0.1732
40M_middle_r8_full_s42,40M,middle_r8,code,9,7.1099,0.4277,0.1803
40M_middle_r8_full_s42,40M,middle_r8,code,10,14.9918,1.38822,0.2992
20M_middle_r8_full_s42,20M,middle_r8,fwe,1,0.0454,-0.10544,0.0029
20M_middle_r8_full_s42,20M,middle_r8,fwe,2,0.3826,-0.23666,0.0219
20M_middle_r8_full_s42,20M,middle_r8,fwe,3,0.9837,-0.21725,0.0461
20M_middle_r8_full_s42,20M,middle_r8,fwe,4,1.638,-0.1667,0.0687
20M_middle_r8_full_s42,20M,middle_r8,fwe,5,2.3656,-0.12306,0.09
20M_middle_r8_full_s42,20M,middle_r8,fwe,6,3.2079,-0.0902,0.109
20M_middle_r8_full_s42,20M,middle_r8,fwe,7,4.1666,-0.05067,0.1241
20M_middle_r8_full_s42,20M,middle_r8,fwe,8,5.2723,0.00954,0.1417
20M_middle_r8_full_s42,20M,middle_r8,fwe,9,6.6796,0.1027,0.1638
20M_middle_r8_full_s42,20M,middle_r8,fwe,10,9.3021,0.40029,0.2318
20M_middle_r8_full_s42,20M,middle_r8,second,1,0.048,-0.1118,0.0028
20M_middle_r8_full_s42,20M,middle_r8,second,2,0.396,-0.23528,0.0226
20M_middle_r8_full_s42,20M,middle_r8,second,3,1.0859,-0.18558,0.0489
20M_middle_r8_full_s42,20M,middle_r8,second,4,1.8555,-0.08645,0.0727
20M_middle_r8_full_s42,20M,middle_r8,second,5,2.6892,-0.00887,0.095
20M_middle_r8_full_s42,20M,middle_r8,second,6,3.5927,0.10999,0.1223
20M_middle_r8_full_s42,20M,middle_r8,second,7,4.5517,0.16674,0.1362
20M_middle_r8_full_s42,20M,middle_r8,second,8,5.6784,0.15818,0.1363
20M_middle_r8_full_s42,20M,middle_r8,second,9,7.1647,0.21919,0.147
20M_middle_r8_full_s42,20M,middle_r8,second,10,10.5111,0.61568,0.2161
20M_middle_r8_full_s42,20M,middle_r8,finemath,1,0.0239,-0.07189,0.0013
20M_middle_r8_full_s42,20M,middle_r8,finemath,2,0.1791,-0.15498,0.0112
20M_middle_r8_full_s42,20M,middle_r8,finemath,3,0.6043,-0.18599,0.0332
20M_middle_r8_full_s42,20M,middle_r8,finemath,4,1.2998,-0.12964,0.0581
20M_middle_r8_full_s42,20M,middle_r8,finemath,5,2.1595,-0.03154,0.0839
20M_middle_r8_full_s42,20M,middle_r8,finemath,6,3.1014,0.05439,0.104
20M_middle_r8_full_s42,20M,middle_r8,finemath,7,4.1203,0.15087,0.1244
20M_middle_r8_full_s42,20M,middle_r8,finemath,8,5.2869,0.27168,0.1469
20M_middle_r8_full_s42,20M,middle_r8,finemath,9,6.8457,0.44217,0.1763
20M_middle_r8_full_s42,20M,middle_r8,finemath,10,11.1115,0.97311,0.2608
20M_middle_r8_full_s42,20M,middle_r8,code,1,0.0236,-0.07343,0.0008
20M_middle_r8_full_s42,20M,middle_r8,code,2,0.1258,-0.13186,0.0063
20M_middle_r8_full_s42,20M,middle_r8,code,3,0.3705,-0.20753,0.0205
20M_middle_r8_full_s42,20M,middle_r8,code,4,0.9154,-0.15572,0.0482
20M_middle_r8_full_s42,20M,middle_r8,code,5,1.815,0.21998,0.0891
20M_middle_r8_full_s42,20M,middle_r8,code,6,2.9246,0.48895,0.1225
20M_middle_r8_full_s42,20M,middle_r8,code,7,4.1225,0.84254,0.1654
20M_middle_r8_full_s42,20M,middle_r8,code,8,5.4637,0.95022,0.1794
20M_middle_r8_full_s42,20M,middle_r8,code,9,7.5766,0.75115,0.1596
20M_middle_r8_full_s42,20M,middle_r8,code,10,14.6135,1.01322,0.2083
