kind,rung,cell,valset,avg_loss_decile,avg_loss,mean_delta,share_of_positive_gain
looped_vs_dense,80M,middle_r4,fwe,1,0.0318,0.00099,0.0043
looped_vs_dense,80M,middle_r4,fwe,2,0.2874,0.01642,0.032
looped_vs_dense,80M,middle_r4,fwe,3,0.7864,0.03283,0.065
looped_vs_dense,80M,middle_r4,fwe,4,1.3722,0.03831,0.0878
looped_vs_dense,80M,middle_r4,fwe,5,2.04,0.0444,0.1075
looped_vs_dense,80M,middle_r4,fwe,6,2.8227,0.03969,0.1227
looped_vs_dense,80M,middle_r4,fwe,7,3.7417,0.03029,0.1312
looped_vs_dense,80M,middle_r4,fwe,8,4.8216,0.02411,0.1373
looped_vs_dense,80M,middle_r4,fwe,9,6.2081,0.02781,0.1466
looped_vs_dense,80M,middle_r4,fwe,10,8.823,0.0412,0.1658
looped_vs_dense,80M,middle_r8,fwe,1,0.032,0.00076,0.0043
looped_vs_dense,80M,middle_r8,fwe,2,0.2876,0.01717,0.0322
looped_vs_dense,80M,middle_r8,fwe,3,0.7843,0.03922,0.0664
looped_vs_dense,80M,middle_r8,fwe,4,1.3708,0.04503,0.0901
looped_vs_dense,80M,middle_r8,fwe,5,2.0414,0.04148,0.1081
looped_vs_dense,80M,middle_r8,fwe,6,2.8244,0.03582,0.1232
looped_vs_dense,80M,middle_r8,fwe,7,3.7444,0.02573,0.1314
looped_vs_dense,80M,middle_r8,fwe,8,4.8277,0.01222,0.1368
looped_vs_dense,80M,middle_r8,fwe,9,6.2151,0.01289,0.1462
looped_vs_dense,80M,middle_r8,fwe,10,8.8365,0.00831,0.1614
looped_vs_dense,80M,whole_r8,fwe,1,0.0315,0.0011,0.0044
looped_vs_dense,80M,whole_r8,fwe,2,0.2859,0.01784,0.0331
looped_vs_dense,80M,whole_r8,fwe,3,0.7844,0.03515,0.067
looped_vs_dense,80M,whole_r8,fwe,4,1.3724,0.03716,0.0903
looped_vs_dense,80M,whole_r8,fwe,5,2.0467,0.0255,0.1071
looped_vs_dense,80M,whole_r8,fwe,6,2.8351,0.01396,0.1212
looped_vs_dense,80M,whole_r8,fwe,7,3.7546,0.0102,0.1314
looped_vs_dense,80M,whole_r8,fwe,8,4.8352,-0.00184,0.1367
looped_vs_dense,80M,whole_r8,fwe,9,6.2248,-0.00279,0.1464
looped_vs_dense,80M,whole_r8,fwe,10,8.8498,-0.01419,0.1624
looped_vs_dense,80M,whole_r8_k4,fwe,1,0.0342,-0.00163,0.0045
looped_vs_dense,80M,whole_r8_k4,fwe,2,0.3044,-0.00756,0.0324
looped_vs_dense,80M,whole_r8_k4,fwe,3,0.8167,-0.01896,0.0639
looped_vs_dense,80M,whole_r8_k4,fwe,4,1.4116,-0.03613,0.0851
looped_vs_dense,80M,whole_r8_k4,fwe,5,2.0828,-0.04212,0.1044
looped_vs_dense,80M,whole_r8_k4,fwe,6,2.8661,-0.04751,0.1216
looped_vs_dense,80M,whole_r8_k4,fwe,7,3.7832,-0.05234,0.1321
looped_vs_dense,80M,whole_r8_k4,fwe,8,4.8601,-0.05604,0.1394
looped_vs_dense,80M,whole_r8_k4,fwe,9,6.2461,-0.0544,0.1497
looped_vs_dense,80M,whole_r8_k4,fwe,10,8.8653,-0.05701,0.167
looped_vs_dense,40M,middle_r8,fwe,1,0.0515,-0.00083,0.007
looped_vs_dense,40M,middle_r8,fwe,2,0.3812,0.0035,0.0394
looped_vs_dense,40M,middle_r8,fwe,3,0.9371,0.01465,0.0693
looped_vs_dense,40M,middle_r8,fwe,4,1.5604,0.02088,0.0896
looped_vs_dense,40M,middle_r8,fwe,5,2.2612,0.02529,0.1053
looped_vs_dense,40M,middle_r8,fwe,6,3.0705,0.0241,0.1184
looped_vs_dense,40M,middle_r8,fwe,7,4.0022,0.02245,0.1261
looped_vs_dense,40M,middle_r8,fwe,8,5.083,0.02925,0.134
looped_vs_dense,40M,middle_r8,fwe,9,6.4617,0.04143,0.1454
looped_vs_dense,40M,middle_r8,fwe,10,9.02,0.06539,0.1655
null_pairwise,40M,dense,fwe,1,0.0439,-0.00129,0.0055
null_pairwise,40M,dense,fwe,2,0.3573,-0.00941,0.0339
null_pairwise,40M,dense,fwe,3,0.9168,-0.01863,0.0636
null_pairwise,40M,dense,fwe,4,1.5495,-0.01583,0.0857
null_pairwise,40M,dense,fwe,5,2.26,-0.00756,0.1039
null_pairwise,40M,dense,fwe,6,3.0777,-0.00503,0.1192
null_pairwise,40M,dense,fwe,7,4.0154,-0.00337,0.1287
null_pairwise,40M,dense,fwe,8,5.1078,0.00179,0.1384
null_pairwise,40M,dense,fwe,9,6.5014,0.0048,0.1492
null_pairwise,40M,dense,fwe,10,9.1114,0.02541,0.1719
null_pairwise,40M,dense,fwe,1,0.0429,0.00042,0.0057
null_pairwise,40M,dense,fwe,2,0.3536,-0.00133,0.0351
null_pairwise,40M,dense,fwe,3,0.9135,-0.01187,0.0647
null_pairwise,40M,dense,fwe,4,1.549,-0.0124,0.0861
null_pairwise,40M,dense,fwe,5,2.2607,-0.00687,0.1041
null_pairwise,40M,dense,fwe,6,3.0783,-0.00548,0.1197
null_pairwise,40M,dense,fwe,7,4.0163,-0.00364,0.1291
null_pairwise,40M,dense,fwe,8,5.1079,-0.0032,0.1377
null_pairwise,40M,dense,fwe,9,6.5067,-0.00596,0.1469
null_pairwise,40M,dense,fwe,10,9.1146,0.01634,0.1708
null_loo,40M,dense,fwe,1,0.0459,-0.00667,0.005
null_loo,40M,dense,fwe,2,0.3641,-0.0362,0.0303
null_loo,40M,dense,fwe,3,0.9231,-0.05129,0.0574
null_loo,40M,dense,fwe,4,1.555,-0.03999,0.0801
null_loo,40M,dense,fwe,5,2.2643,-0.02285,0.0999
null_loo,40M,dense,fwe,6,3.0792,-0.01026,0.1173
null_loo,40M,dense,fwe,7,4.0156,-0.00063,0.129
null_loo,40M,dense,fwe,8,5.1057,0.0128,0.1402
null_loo,40M,dense,fwe,9,6.498,0.0293,0.1536
null_loo,40M,dense,fwe,10,9.0954,0.09423,0.1871
null_pairwise,40M,dense,fwe,1,0.0437,0.00169,0.006
null_pairwise,40M,dense,fwe,2,0.3586,0.00801,0.0369
null_pairwise,40M,dense,fwe,3,0.9229,0.00665,0.068
null_pairwise,40M,dense,fwe,4,1.5561,0.00379,0.0885
null_pairwise,40M,dense,fwe,5,2.2648,-5e-05,0.1048
null_pairwise,40M,dense,fwe,6,3.0802,-0.00042,0.1196
null_pairwise,40M,dense,fwe,7,4.0181,-0.00293,0.1286
null_pairwise,40M,dense,fwe,8,5.109,-0.00171,0.1372
null_pairwise,40M,dense,fwe,9,6.5034,-0.0122,0.1446
null_pairwise,40M,dense,fwe,10,9.1029,-0.00769,0.1658
null_loo,40M,dense,fwe,1,0.0463,-0.00461,0.0054
null_loo,40M,dense,fwe,2,0.3666,-0.02144,0.0329
null_loo,40M,dense,fwe,3,0.9279,-0.02252,0.0627
null_loo,40M,dense,fwe,4,1.5586,-0.01814,0.0842
null_loo,40M,dense,fwe,5,2.2661,-0.01329,0.1011
null_loo,40M,dense,fwe,6,3.0807,-0.00153,0.118
null_loo,40M,dense,fwe,7,4.0163,0.00444,0.1289
null_loo,40M,dense,fwe,8,5.1059,0.01129,0.1391
null_loo,40M,dense,fwe,9,6.4962,0.02026,0.15
null_loo,40M,dense,fwe,10,9.0882,0.05765,0.1779
null_loo,40M,dense,fwe,1,0.0458,-0.00734,0.0048
null_loo,40M,dense,fwe,2,0.3646,-0.03327,0.0303
null_loo,40M,dense,fwe,3,0.9262,-0.03292,0.0604
null_loo,40M,dense,fwe,4,1.5579,-0.02294,0.0826
null_loo,40M,dense,fwe,5,2.2662,-0.01065,0.1014
null_loo,40M,dense,fwe,6,3.0807,-0.00228,0.1182
null_loo,40M,dense,fwe,7,4.0169,0.00743,0.1294
null_loo,40M,dense,fwe,8,5.106,0.01515,0.1394
null_loo,40M,dense,fwe,9,6.4986,0.03648,0.1534
null_loo,40M,dense,fwe,10,9.0908,0.06972,0.1802
looped_vs_dense,20M,middle_r8,fwe,1,0.0682,0.00105,0.0096
looped_vs_dense,20M,middle_r8,fwe,2,0.4616,0.00895,0.0473
looped_vs_dense,20M,middle_r8,fwe,3,1.0669,0.01216,0.0741
looped_vs_dense,20M,middle_r8,fwe,4,1.7198,0.01717,0.093
looped_vs_dense,20M,middle_r8,fwe,5,2.4562,0.01407,0.1067
looped_vs_dense,20M,middle_r8,fwe,6,3.3018,0.01032,0.1176
looped_vs_dense,20M,middle_r8,fwe,7,4.2518,0.00786,0.1232
looped_vs_dense,20M,middle_r8,fwe,8,5.346,0.00866,0.1304
looped_vs_dense,20M,middle_r8,fwe,9,6.7239,0.0127,0.1396
looped_vs_dense,20M,middle_r8,fwe,10,9.2412,0.02541,0.1586
null_pairwise,20M,dense,fwe,1,0.0597,0.00088,0.0073
null_pairwise,20M,dense,fwe,2,0.4401,0.00947,0.0412
null_pairwise,20M,dense,fwe,3,1.051,0.01998,0.0714
null_pairwise,20M,dense,fwe,4,1.7139,0.0199,0.0912
null_pairwise,20M,dense,fwe,5,2.4562,0.02191,0.1074
null_pairwise,20M,dense,fwe,6,3.3055,0.0145,0.1181
null_pairwise,20M,dense,fwe,7,4.262,0.01767,0.127
null_pairwise,20M,dense,fwe,8,5.3622,0.01241,0.1338
null_pairwise,20M,dense,fwe,9,6.7535,0.01379,0.1439
null_pairwise,20M,dense,fwe,10,9.3156,-0.00339,0.1587
null_pairwise,20M,dense,fwe,1,0.0598,0.00088,0.0073
null_pairwise,20M,dense,fwe,2,0.4403,0.00968,0.0411
null_pairwise,20M,dense,fwe,3,1.0515,0.01725,0.0708
null_pairwise,20M,dense,fwe,4,1.7151,0.01735,0.0904
null_pairwise,20M,dense,fwe,5,2.4572,0.01918,0.1061
null_pairwise,20M,dense,fwe,6,3.3071,0.01221,0.1173
null_pairwise,20M,dense,fwe,7,4.2616,0.02043,0.1268
null_pairwise,20M,dense,fwe,8,5.3599,0.0164,0.1343
null_pairwise,20M,dense,fwe,9,6.7525,0.01354,0.1434
null_pairwise,20M,dense,fwe,10,9.3069,0.01387,0.1624
null_loo,20M,dense,fwe,1,0.0628,-0.00701,0.0065
null_loo,20M,dense,fwe,2,0.449,-0.02273,0.0367
null_loo,20M,dense,fwe,3,1.0591,-0.0169,0.065
null_loo,20M,dense,fwe,4,1.7196,-0.0049,0.086
null_loo,20M,dense,fwe,5,2.4601,0.00622,0.1035
null_loo,20M,dense,fwe,6,3.3077,0.01021,0.1165
null_loo,20M,dense,fwe,7,4.2615,0.0223,0.1267
null_loo,20M,dense,fwe,8,5.3582,0.0258,0.1358
null_loo,20M,dense,fwe,9,6.7468,0.04107,0.1485
null_loo,20M,dense,fwe,10,9.2924,0.07986,0.1749
null_pairwise,20M,dense,fwe,1,0.059,0.00013,0.0073
null_pairwise,20M,dense,fwe,2,0.4342,-0.0003,0.0397
null_pairwise,20M,dense,fwe,3,1.0417,-0.00273,0.0685
null_pairwise,20M,dense,fwe,4,1.7047,-0.0023,0.0888
null_pairwise,20M,dense,fwe,5,2.4476,-0.00155,0.1051
null_pairwise,20M,dense,fwe,6,3.2985,-0.00251,0.1179
null_pairwise,20M,dense,fwe,7,4.2535,0.00076,0.1263
null_pairwise,20M,dense,fwe,8,5.3544,0.00175,0.1347
null_pairwise,20M,dense,fwe,9,6.7449,0.00313,0.1453
null_pairwise,20M,dense,fwe,10,9.309,0.01727,0.1665
null_loo,20M,dense,fwe,1,0.0625,-0.00853,0.0065
null_loo,20M,dense,fwe,2,0.4463,-0.03873,0.0348
null_loo,20M,dense,fwe,3,1.054,-0.04716,0.0612
null_loo,20M,dense,fwe,4,1.7144,-0.03463,0.0833
null_loo,20M,dense,fwe,5,2.4552,-0.02487,0.1013
null_loo,20M,dense,fwe,6,3.3039,-0.01232,0.1166
null_loo,20M,dense,fwe,7,4.2566,-0.00709,0.1257
null_loo,20M,dense,fwe,8,5.3556,0.00838,0.1377
null_loo,20M,dense,fwe,9,6.7438,0.02263,0.1506
null_loo,20M,dense,fwe,10,9.2937,0.08556,0.1823
null_loo,20M,dense,fwe,1,0.0625,-0.00852,0.0065
null_loo,20M,dense,fwe,2,0.4463,-0.03809,0.0351
null_loo,20M,dense,fwe,3,1.0546,-0.04343,0.0623
null_loo,20M,dense,fwe,4,1.7151,-0.03164,0.0841
null_loo,20M,dense,fwe,5,2.4556,-0.02056,0.1023
null_loo,20M,dense,fwe,6,3.3045,-0.0105,0.1174
null_loo,20M,dense,fwe,7,4.2571,-0.00569,0.1266
null_loo,20M,dense,fwe,8,5.3546,0.00178,0.1366
null_loo,20M,dense,fwe,9,6.7423,0.01776,0.1503
null_loo,20M,dense,fwe,10,9.289,0.06164,0.1788
looped_vs_dense,80M,middle_r4,second,1,0.0359,0.00669,0.0049
looped_vs_dense,80M,middle_r4,second,2,0.2962,0.02986,0.0329
looped_vs_dense,80M,middle_r4,second,3,0.8568,0.00205,0.0682
looped_vs_dense,80M,middle_r4,second,4,1.5247,-0.06591,0.0904
looped_vs_dense,80M,middle_r4,second,5,2.2631,-0.02146,0.1089
looped_vs_dense,80M,middle_r4,second,6,3.1208,0.04512,0.1254
looped_vs_dense,80M,middle_r4,second,7,4.0932,0.11085,0.1402
looped_vs_dense,80M,middle_r4,second,8,5.2138,0.07914,0.1378
looped_vs_dense,80M,middle_r4,second,9,6.6946,0.04656,0.1376
looped_vs_dense,80M,middle_r4,second,10,9.9676,0.05227,0.1537
looped_vs_dense,80M,middle_r8,second,1,0.0328,0.01247,0.0057
looped_vs_dense,80M,middle_r8,second,2,0.2308,0.06248,0.0324
looped_vs_dense,80M,middle_r8,second,3,0.7591,0.1125,0.0727
looped_vs_dense,80M,middle_r8,second,4,1.4518,0.13503,0.0994
looped_vs_dense,80M,middle_r8,second,5,2.2233,0.12827,0.1144
looped_vs_dense,80M,middle_r8,second,6,3.0993,0.11594,0.1253
looped_vs_dense,80M,middle_r8,second,7,4.0852,0.11438,0.1331
looped_vs_dense,80M,middle_r8,second,8,5.2137,0.09013,0.1357
looped_vs_dense,80M,middle_r8,second,9,6.7023,0.05532,0.1362
looped_vs_dense,80M,middle_r8,second,10,9.9896,0.02061,0.1451
looped_vs_dense,80M,whole_r8,second,1,0.0333,0.00909,0.0049
looped_vs_dense,80M,whole_r8,second,2,0.2451,0.04469,0.0297
looped_vs_dense,80M,whole_r8,second,3,0.7635,0.0991,0.0708
looped_vs_dense,80M,whole_r8,second,4,1.4496,0.13182,0.0984
looped_vs_dense,80M,whole_r8,second,5,2.2227,0.12993,0.1133
looped_vs_dense,80M,whole_r8,second,6,3.1017,0.11607,0.1236
looped_vs_dense,80M,whole_r8,second,7,4.0909,0.11906,0.133
looped_vs_dense,80M,whole_r8,second,8,5.2208,0.06072,0.1282
looped_vs_dense,80M,whole_r8,second,9,6.7141,0.02732,0.1298
looped_vs_dense,80M,whole_r8,second,10,9.9451,0.11087,0.1682
looped_vs_dense,80M,whole_r8_k4,second,1,0.0377,0.00333,0.0046
looped_vs_dense,80M,whole_r8_k4,second,2,0.2612,0.017,0.0276
looped_vs_dense,80M,whole_r8_k4,second,3,0.7973,0.0437,0.0673
looped_vs_dense,80M,whole_r8_k4,second,4,1.4934,0.05395,0.0928
looped_vs_dense,80M,whole_r8_k4,second,5,2.2678,0.04894,0.1095
looped_vs_dense,80M,whole_r8_k4,second,6,3.1451,0.02814,0.1214
looped_vs_dense,80M,whole_r8_k4,second,7,4.1286,0.03979,0.1332
looped_vs_dense,80M,whole_r8_k4,second,8,5.2527,0.01702,0.1357
looped_vs_dense,80M,whole_r8_k4,second,9,6.7468,-0.04767,0.1314
looped_vs_dense,80M,whole_r8_k4,second,10,9.9599,0.0367,0.1765
looped_vs_dense,40M,middle_r8,second,1,0.0572,0.01584,0.0108
looped_vs_dense,40M,middle_r8,second,2,0.3429,0.09684,0.0596
looped_vs_dense,40M,middle_r8,second,3,0.9238,0.10745,0.0903
looped_vs_dense,40M,middle_r8,second,4,1.6514,0.09316,0.1027
looped_vs_dense,40M,middle_r8,second,5,2.4514,0.09493,0.1169
looped_vs_dense,40M,middle_r8,second,6,3.3573,0.08269,0.1224
looped_vs_dense,40M,middle_r8,second,7,4.3429,0.05948,0.1195
looped_vs_dense,40M,middle_r8,second,8,5.4612,0.04647,0.12
looped_vs_dense,40M,middle_r8,second,9,6.9301,0.04529,0.1239
looped_vs_dense,40M,middle_r8,second,10,10.1529,0.02832,0.1338
null_pairwise,40M,dense,second,1,0.0522,-0.00238,0.0054
null_pairwise,40M,dense,second,2,0.3519,0.02401,0.0368
null_pairwise,40M,dense,second,3,0.9407,0.05378,0.0785
null_pairwise,40M,dense,second,4,1.6642,0.05698,0.1031
null_pairwise,40M,dense,second,5,2.473,0.01464,0.108
null_pairwise,40M,dense,second,6,3.3833,0.01844,0.1193
null_pairwise,40M,dense,second,7,4.3707,0.01522,0.1222
null_pairwise,40M,dense,second,8,5.4949,0.02347,0.1305
null_pairwise,40M,dense,second,9,6.9755,0.02575,0.1369
null_pairwise,40M,dense,second,10,10.2257,0.04633,0.1594
null_pairwise,40M,dense,second,1,0.0527,0.00045,0.0059
null_pairwise,40M,dense,second,2,0.3584,0.02781,0.0396
null_pairwise,40M,dense,second,3,0.9586,0.04078,0.0801
null_pairwise,40M,dense,second,4,1.6819,0.02671,0.1018
null_pairwise,40M,dense,second,5,2.4885,-0.00117,0.1091
null_pairwise,40M,dense,second,6,3.4015,0.00645,0.1208
null_pairwise,40M,dense,second,7,4.3937,-0.03067,0.1244
null_pairwise,40M,dense,second,8,5.5228,-0.07187,0.1306
null_pairwise,40M,dense,second,9,6.9979,-0.05554,0.1359
null_pairwise,40M,dense,second,10,10.2504,-0.01324,0.1518
null_loo,40M,dense,second,1,0.0567,-0.01003,0.0049
null_loo,40M,dense,second,2,0.3677,-0.00977,0.0359
null_loo,40M,dense,second,3,0.9625,-0.00948,0.0743
null_loo,40M,dense,second,4,1.6803,0.00356,0.0976
null_loo,40M,dense,second,5,2.4859,-0.01278,0.1047
null_loo,40M,dense,second,6,3.3955,-0.0096,0.1181
null_loo,40M,dense,second,7,4.3808,-0.0095,0.1222
null_loo,40M,dense,second,8,5.5009,0.01436,0.1333
null_loo,40M,dense,second,9,6.9756,0.038,0.1408
null_loo,40M,dense,second,10,10.2172,0.1082,0.1681
null_pairwise,40M,dense,second,1,0.0515,0.00211,0.0062
null_pairwise,40M,dense,second,2,0.3163,0.00295,0.0324
null_pairwise,40M,dense,second,3,0.9177,-0.02198,0.0683
null_pairwise,40M,dense,second,4,1.6645,-0.03128,0.0925
null_pairwise,40M,dense,second,5,2.4771,-0.02196,0.1114
null_pairwise,40M,dense,second,6,3.3936,-0.01649,0.1239
null_pairwise,40M,dense,second,7,4.3905,-0.01646,0.129
null_pairwise,40M,dense,second,8,5.525,-0.08143,0.1354
null_pairwise,40M,dense,second,9,6.9967,-0.09801,0.1397
null_pairwise,40M,dense,second,10,10.2336,-0.06393,0.1613
null_loo,40M,dense,second,1,0.057,-0.00774,0.0059
null_loo,40M,dense,second,2,0.3577,-0.06522,0.028
null_loo,40M,dense,second,3,0.9408,-0.11933,0.0592
null_loo,40M,dense,second,4,1.6697,-0.07573,0.0861
null_loo,40M,dense,second,5,2.4796,-0.04227,0.107
null_loo,40M,dense,second,6,3.391,-0.02982,0.1219
null_loo,40M,dense,second,7,4.3793,-0.01746,0.1277
null_loo,40M,dense,second,8,5.4993,-0.00471,0.1384
null_loo,40M,dense,second,9,6.9713,0.00771,0.1485
null_loo,40M,dense,second,10,10.2067,0.04314,0.1774
null_loo,40M,dense,second,1,0.0565,-0.01057,0.0048
null_loo,40M,dense,second,2,0.358,-0.06456,0.0259
null_loo,40M,dense,second,3,0.9476,-0.08182,0.0589
null_loo,40M,dense,second,4,1.6785,-0.02471,0.0856
null_loo,40M,dense,second,5,2.4852,-0.00569,0.1026
null_loo,40M,dense,second,6,3.3972,0.00304,0.1135
null_loo,40M,dense,second,7,4.39,0.02601,0.1236
null_loo,40M,dense,second,8,5.5183,0.11576,0.1543
null_loo,40M,dense,second,9,6.9873,0.12194,0.1596
null_loo,40M,dense,second,10,10.2197,0.12901,0.1712
looped_vs_dense,20M,middle_r8,second,1,0.065,0.01105,0.0114
looped_vs_dense,20M,middle_r8,second,2,0.401,0.0508,0.0581
looped_vs_dense,20M,middle_r8,second,3,1.0423,0.06209,0.0928
looped_vs_dense,20M,middle_r8,second,4,1.7933,0.05546,0.1052
looped_vs_dense,20M,middle_r8,second,5,2.6213,0.03924,0.1123
looped_vs_dense,20M,middle_r8,second,6,3.5423,0.02708,0.116
looped_vs_dense,20M,middle_r8,second,7,4.5427,0.0148,0.1156
looped_vs_dense,20M,middle_r8,second,8,5.6866,0.01638,0.1219
looped_vs_dense,20M,middle_r8,second,9,7.1568,0.01356,0.1281
looped_vs_dense,20M,middle_r8,second,10,10.3106,-0.0588,0.1388
null_pairwise,20M,dense,second,1,0.057,0.00226,0.0065
null_pairwise,20M,dense,second,2,0.3884,-0.00099,0.0361
null_pairwise,20M,dense,second,3,1.0517,-0.00521,0.0704
null_pairwise,20M,dense,second,4,1.8109,0.00026,0.0921
null_pairwise,20M,dense,second,5,2.6432,0.00405,0.1065
null_pairwise,20M,dense,second,6,3.568,0.01261,0.1154
null_pairwise,20M,dense,second,7,4.5695,0.01424,0.1201
null_pairwise,20M,dense,second,8,5.717,-0.00254,0.1248
null_pairwise,20M,dense,second,9,7.1969,0.00194,0.1329
null_pairwise,20M,dense,second,10,10.395,0.15714,0.1951
null_pairwise,20M,dense,second,1,0.0586,-0.0021,0.0057
null_pairwise,20M,dense,second,2,0.3714,0.01826,0.0358
null_pairwise,20M,dense,second,3,1.0242,0.04575,0.0742
null_pairwise,20M,dense,second,4,1.7937,0.04788,0.0955
null_pairwise,20M,dense,second,5,2.6291,0.0427,0.1083
null_pairwise,20M,dense,second,6,3.5557,0.035,0.1147
null_pairwise,20M,dense,second,7,4.5609,0.02394,0.1168
null_pairwise,20M,dense,second,8,5.7093,0.01276,0.1226
null_pairwise,20M,dense,second,9,7.1874,0.01931,0.1315
null_pairwise,20M,dense,second,10,10.3658,0.2133,0.195
null_loo,20M,dense,second,1,0.0616,-0.00885,0.0054
null_loo,20M,dense,second,2,0.3954,-0.03899,0.031
null_loo,20M,dense,second,3,1.0497,-0.04286,0.0631
null_loo,20M,dense,second,4,1.8088,-0.01198,0.0861
null_loo,20M,dense,second,5,2.6393,0.01101,0.1036
null_loo,20M,dense,second,6,3.5614,0.0275,0.114
null_loo,20M,dense,second,7,4.5624,0.0349,0.1194
null_loo,20M,dense,second,8,5.7086,0.02882,0.1263
null_loo,20M,dense,second,9,7.184,0.04587,0.1369
null_loo,20M,dense,second,10,10.3583,0.27486,0.2143
null_pairwise,20M,dense,second,1,0.0568,-0.00439,0.0053
null_pairwise,20M,dense,second,2,0.3802,0.01399,0.0373
null_pairwise,20M,dense,second,3,1.031,0.05624,0.0804
null_pairwise,20M,dense,second,4,1.7906,0.05169,0.1015
null_pairwise,20M,dense,second,5,2.6238,0.03258,0.1112
null_pairwise,20M,dense,second,6,3.548,0.02355,0.1175
null_pairwise,20M,dense,second,7,4.5528,0.01427,0.1196
null_pairwise,20M,dense,second,8,5.7083,0.01309,0.1255
null_pairwise,20M,dense,second,9,7.189,0.01598,0.1336
null_pairwise,20M,dense,second,10,10.2887,0.05612,0.1681
null_loo,20M,dense,second,1,0.0608,-0.01284,0.0049
null_loo,20M,dense,second,2,0.3968,-0.03289,0.0338
null_loo,20M,dense,second,3,1.0531,-0.02646,0.0708
null_loo,20M,dense,second,4,1.8085,-0.01346,0.0926
null_loo,20M,dense,second,5,2.6368,-0.00379,0.1076
null_loo,20M,dense,second,6,3.5576,0.01065,0.1177
null_loo,20M,dense,second,7,4.5585,0.01172,0.122
null_loo,20M,dense,second,8,5.7085,0.02698,0.131
null_loo,20M,dense,second,9,7.184,0.04476,0.1419
null_loo,20M,dense,second,10,10.3195,0.03998,0.1775
null_loo,20M,dense,second,1,0.0619,-0.0065,0.0064
null_loo,20M,dense,second,2,0.3918,-0.06156,0.0316
null_loo,20M,dense,second,3,1.0388,-0.11201,0.0624
null_loo,20M,dense,second,4,1.7972,-0.08304,0.088
null_loo,20M,dense,second,5,2.6286,-0.0508,0.1076
null_loo,20M,dense,second,6,3.5522,-0.02527,0.1199
null_loo,20M,dense,second,7,4.5552,-0.0077,0.1278
null_loo,20M,dense,second,8,5.7052,0.00577,0.138
null_loo,20M,dense,second,9,7.18,0.02093,0.1499
null_loo,20M,dense,second,10,10.3049,-0.04482,0.1685
looped_vs_dense,80M,middle_r4,finemath,1,0.0216,0.00601,0.0027
looped_vs_dense,80M,middle_r4,finemath,2,0.1459,0.04536,0.018
looped_vs_dense,80M,middle_r4,finemath,3,0.481,0.13194,0.0526
looped_vs_dense,80M,middle_r4,finemath,4,1.0558,0.20222,0.0894
looped_vs_dense,80M,middle_r4,finemath,5,1.8097,0.23127,0.1162
looped_vs_dense,80M,middle_r4,finemath,6,2.6982,0.23986,0.1326
looped_vs_dense,80M,middle_r4,finemath,7,3.6904,0.33236,0.1599
looped_vs_dense,80M,middle_r4,finemath,8,4.8354,0.27549,0.1559
looped_vs_dense,80M,middle_r4,finemath,9,6.366,0.13771,0.1347
looped_vs_dense,80M,middle_r4,finemath,10,10.3872,0.12829,0.1379
looped_vs_dense,80M,middle_r8,finemath,1,0.0211,0.00644,0.0027
looped_vs_dense,80M,middle_r8,finemath,2,0.1442,0.04736,0.0184
looped_vs_dense,80M,middle_r8,finemath,3,0.4836,0.1248,0.0522
looped_vs_dense,80M,middle_r8,finemath,4,1.0567,0.19895,0.0901
looped_vs_dense,80M,middle_r8,finemath,5,1.8147,0.22466,0.1162
looped_vs_dense,80M,middle_r8,finemath,6,2.7095,0.19977,0.1265
looped_vs_dense,80M,middle_r8,finemath,7,3.7063,0.26819,0.1505
looped_vs_dense,80M,middle_r8,finemath,8,4.8521,0.24959,0.153
looped_vs_dense,80M,middle_r8,finemath,9,6.3615,0.18489,0.1437
looped_vs_dense,80M,middle_r8,finemath,10,10.3609,0.18638,0.1468
looped_vs_dense,80M,whole_r8,finemath,1,0.0201,0.00787,0.0027
looped_vs_dense,80M,whole_r8,finemath,2,0.1414,0.05349,0.018
looped_vs_dense,80M,whole_r8,finemath,3,0.4716,0.15022,0.0526
looped_vs_dense,80M,whole_r8,finemath,4,1.0417,0.2427,0.091
looped_vs_dense,80M,whole_r8,finemath,5,1.8015,0.26607,0.1163
looped_vs_dense,80M,whole_r8,finemath,6,2.7047,0.23434,0.1259
looped_vs_dense,80M,whole_r8,finemath,7,3.7108,0.28503,0.1495
looped_vs_dense,80M,whole_r8,finemath,8,4.8636,0.18512,0.1394
looped_vs_dense,80M,whole_r8,finemath,9,6.3963,0.07529,0.1237
looped_vs_dense,80M,whole_r8,finemath,10,10.2952,0.31746,0.1809
looped_vs_dense,80M,whole_r8_k4,finemath,1,0.0254,0.0018,0.0026
looped_vs_dense,80M,whole_r8_k4,finemath,2,0.1652,0.01452,0.0163
looped_vs_dense,80M,whole_r8_k4,finemath,3,0.5176,0.0627,0.0472
looped_vs_dense,80M,whole_r8_k4,finemath,4,1.0991,0.11827,0.0823
looped_vs_dense,80M,whole_r8_k4,finemath,5,1.8542,0.14157,0.1093
looped_vs_dense,80M,whole_r8_k4,finemath,6,2.736,0.15628,0.1254
looped_vs_dense,80M,whole_r8_k4,finemath,7,3.7287,0.22069,0.1472
looped_vs_dense,80M,whole_r8_k4,finemath,8,4.883,0.21661,0.1552
looped_vs_dense,80M,whole_r8_k4,finemath,9,6.4339,0.01174,0.128
looped_vs_dense,80M,whole_r8_k4,finemath,10,10.3457,0.19265,0.1865
looped_vs_dense,40M,middle_r8,finemath,1,0.0387,0.00931,0.0058
looped_vs_dense,40M,middle_r8,finemath,2,0.2052,0.05224,0.0303
looped_vs_dense,40M,middle_r8,finemath,3,0.5998,0.10173,0.0669
looped_vs_dense,40M,middle_r8,finemath,4,1.2252,0.12224,0.0951
looped_vs_dense,40M,middle_r8,finemath,5,2.0163,0.15531,0.1225
looped_vs_dense,40M,middle_r8,finemath,6,2.9221,0.16753,0.135
looped_vs_dense,40M,middle_r8,finemath,7,3.9329,0.16655,0.1388
looped_vs_dense,40M,middle_r8,finemath,8,5.0722,0.17056,0.1435
looped_vs_dense,40M,middle_r8,finemath,9,6.57,0.16271,0.1431
looped_vs_dense,40M,middle_r8,finemath,10,10.6355,0.00715,0.1189
null_pairwise,40M,dense,finemath,1,0.0317,-0.00331,0.003
null_pairwise,40M,dense,finemath,2,0.1903,-0.01835,0.0168
null_pairwise,40M,dense,finemath,3,0.5682,-0.0428,0.0442
null_pairwise,40M,dense,finemath,4,1.2006,-0.07015,0.077
null_pairwise,40M,dense,finemath,5,2.0047,-0.07834,0.104
null_pairwise,40M,dense,finemath,6,2.9286,-0.0575,0.1184
null_pairwise,40M,dense,finemath,7,3.9522,-0.04812,0.1289
null_pairwise,40M,dense,finemath,8,5.114,0.0064,0.1452
null_pairwise,40M,dense,finemath,9,6.6493,0.09156,0.1694
null_pairwise,40M,dense,finemath,10,10.7519,0.17851,0.1931
null_pairwise,40M,dense,finemath,1,0.0334,-0.00214,0.0037
null_pairwise,40M,dense,finemath,2,0.1996,-0.01432,0.0208
null_pairwise,40M,dense,finemath,3,0.5999,-0.07199,0.049
null_pairwise,40M,dense,finemath,4,1.2467,-0.13202,0.0788
null_pairwise,40M,dense,finemath,5,2.0602,-0.14856,0.1033
null_pairwise,40M,dense,finemath,6,2.997,-0.11478,0.1203
null_pairwise,40M,dense,finemath,7,4.0427,-0.1717,0.1328
null_pairwise,40M,dense,finemath,8,5.2261,-0.35233,0.139
null_pairwise,40M,dense,finemath,9,6.7657,-0.26432,0.1499
null_pairwise,40M,dense,finemath,10,10.7758,0.11593,0.2024
null_loo,40M,dense,finemath,1,0.0365,-0.01072,0.0027
null_loo,40M,dense,finemath,2,0.2082,-0.04583,0.0167
null_loo,40M,dense,finemath,3,0.6042,-0.12777,0.0402
null_loo,40M,dense,finemath,4,1.2352,-0.16574,0.0693
null_loo,40M,dense,finemath,5,2.0432,-0.13786,0.097
null_loo,40M,dense,finemath,6,2.9723,-0.15653,0.1138
null_loo,40M,dense,finemath,7,3.9973,-0.15558,0.1268
null_loo,40M,dense,finemath,8,5.159,-0.11778,0.1411
null_loo,40M,dense,finemath,9,6.6855,0.03167,0.1668
null_loo,40M,dense,finemath,10,10.7317,0.28702,0.2256
null_pairwise,40M,dense,finemath,1,0.0364,0.00088,0.0044
null_pairwise,40M,dense,finemath,2,0.2095,0.00285,0.0238
null_pairwise,40M,dense,finemath,3,0.6226,-0.03431,0.0543
null_pairwise,40M,dense,finemath,4,1.2746,-0.06522,0.0883
null_pairwise,40M,dense,finemath,5,2.0862,-0.08711,0.1111
null_pairwise,40M,dense,finemath,6,3.0138,-0.08819,0.1231
null_pairwise,40M,dense,finemath,7,4.0579,-0.09799,0.1348
null_pairwise,40M,dense,finemath,8,5.2491,-0.26644,0.1397
null_pairwise,40M,dense,finemath,9,6.7421,-0.39469,0.143
null_pairwise,40M,dense,finemath,10,10.6774,-0.08395,0.1775
null_loo,40M,dense,finemath,1,0.0375,-0.00488,0.0038
null_loo,40M,dense,finemath,2,0.2124,-0.02049,0.0205
null_loo,40M,dense,finemath,3,0.6145,-0.06413,0.0488
null_loo,40M,dense,finemath,4,1.2514,-0.07245,0.0835
null_loo,40M,dense,finemath,5,2.0572,-0.04921,0.112
null_loo,40M,dense,finemath,6,2.9832,-0.06906,0.1236
null_loo,40M,dense,finemath,7,4.0117,-0.06996,0.1329
null_loo,40M,dense,finemath,8,5.1673,-0.09202,0.1411
null_loo,40M,dense,finemath,9,6.6654,-0.10071,0.154
null_loo,40M,dense,finemath,10,10.6842,0.00681,0.1798
null_loo,40M,dense,finemath,1,0.0375,-0.00521,0.0028
null_loo,40M,dense,finemath,2,0.2133,-0.01668,0.0163
null_loo,40M,dense,finemath,3,0.6254,-0.00387,0.0451
null_loo,40M,dense,finemath,4,1.2707,0.04226,0.0767
null_loo,40M,dense,finemath,5,2.0808,0.0882,0.0999
null_loo,40M,dense,finemath,6,3.0093,0.08526,0.1087
null_loo,40M,dense,finemath,7,4.052,0.10492,0.1218
null_loo,40M,dense,finemath,8,5.2367,0.34042,0.1817
null_loo,40M,dense,finemath,9,6.7403,0.40063,0.1975
null_loo,40M,dense,finemath,10,10.6976,0.09912,0.1495
looped_vs_dense,20M,middle_r8,finemath,1,0.0385,0.00232,0.0051
looped_vs_dense,20M,middle_r8,finemath,2,0.2188,0.02142,0.0301
looped_vs_dense,20M,middle_r8,finemath,3,0.6626,0.04348,0.0714
looped_vs_dense,20M,middle_r8,finemath,4,1.3257,0.07216,0.1076
looped_vs_dense,20M,middle_r8,finemath,5,2.1283,0.07125,0.1243
looped_vs_dense,20M,middle_r8,finemath,6,3.0357,0.06809,0.1308
looped_vs_dense,20M,middle_r8,finemath,7,4.045,0.06163,0.1339
looped_vs_dense,20M,middle_r8,finemath,8,5.2006,0.04361,0.1354
looped_vs_dense,20M,middle_r8,finemath,9,6.703,0.01186,0.1325
looped_vs_dense,20M,middle_r8,finemath,10,10.6095,-0.11312,0.1288
null_pairwise,20M,dense,finemath,1,0.0305,0.00029,0.003
null_pairwise,20M,dense,finemath,2,0.1958,0.00925,0.019
null_pairwise,20M,dense,finemath,3,0.6384,0.03845,0.0535
null_pairwise,20M,dense,finemath,4,1.3314,0.06461,0.0864
null_pairwise,20M,dense,finemath,5,2.1643,0.06018,0.1065
null_pairwise,20M,dense,finemath,6,3.085,0.0486,0.1153
null_pairwise,20M,dense,finemath,7,4.0953,0.0279,0.1184
null_pairwise,20M,dense,finemath,8,5.2487,0.01361,0.1227
null_pairwise,20M,dense,finemath,9,6.7615,-0.00106,0.1289
null_pairwise,20M,dense,finemath,10,10.7002,0.45677,0.2463
null_pairwise,20M,dense,finemath,1,0.0323,-0.00225,0.003
null_pairwise,20M,dense,finemath,2,0.1995,0.00262,0.0183
null_pairwise,20M,dense,finemath,3,0.6404,0.04004,0.0551
null_pairwise,20M,dense,finemath,4,1.3223,0.10057,0.0952
null_pairwise,20M,dense,finemath,5,2.1453,0.10081,0.1154
null_pairwise,20M,dense,finemath,6,3.0695,0.06977,0.1186
null_pairwise,20M,dense,finemath,7,4.0851,0.03618,0.1188
null_pairwise,20M,dense,finemath,8,5.2456,0.00828,0.1208
null_pairwise,20M,dense,finemath,9,6.7579,0.00784,0.127
null_pairwise,20M,dense,finemath,10,10.7164,0.4351,0.2278
null_loo,20M,dense,finemath,1,0.0338,-0.00669,0.0026
null_loo,20M,dense,finemath,2,0.2074,-0.02013,0.0166
null_loo,20M,dense,finemath,3,0.6547,-0.02118,0.0476
null_loo,20M,dense,finemath,4,1.3412,0.00602,0.0796
null_loo,20M,dense,finemath,5,2.1628,0.03918,0.103
null_loo,20M,dense,finemath,6,3.0792,0.05959,0.1145
null_loo,20M,dense,finemath,7,4.0875,0.04475,0.1179
null_loo,20M,dense,finemath,8,5.2393,0.04745,0.1242
null_loo,20M,dense,finemath,9,6.7463,0.06057,0.133
null_loo,20M,dense,finemath,10,10.683,0.54925,0.2611
null_pairwise,20M,dense,finemath,1,0.0313,-0.00169,0.0032
null_pairwise,20M,dense,finemath,2,0.1897,-0.00497,0.0186
null_pairwise,20M,dense,finemath,3,0.6152,-0.00104,0.0534
null_pairwise,20M,dense,finemath,4,1.2933,0.03281,0.0946
null_pairwise,20M,dense,finemath,5,2.1215,0.04341,0.1209
null_pairwise,20M,dense,finemath,6,3.0477,0.02185,0.1282
null_pairwise,20M,dense,finemath,7,4.0717,0.00658,0.1315
null_pairwise,20M,dense,finemath,8,5.2372,-0.00121,0.136
null_pairwise,20M,dense,finemath,9,6.7578,0.00784,0.1434
null_pairwise,20M,dense,finemath,10,10.4871,-0.02325,0.1701
null_loo,20M,dense,finemath,1,0.0336,-0.00747,0.0028
null_loo,20M,dense,finemath,2,0.2044,-0.03702,0.0169
null_loo,20M,dense,finemath,3,0.6432,-0.08705,0.0453
null_loo,20M,dense,finemath,4,1.3252,-0.08856,0.0776
null_loo,20M,dense,finemath,5,2.1495,-0.04506,0.108
null_loo,20M,dense,finemath,6,3.0675,-0.0107,0.1261
null_loo,20M,dense,finemath,7,4.0807,0.00381,0.1351
null_loo,20M,dense,finemath,8,5.2347,0.02556,0.1454
null_loo,20M,dense,finemath,9,6.7466,0.06479,0.16
null_loo,20M,dense,finemath,10,10.5691,-0.13756,0.1827
null_loo,20M,dense,finemath,1,0.0343,-0.00381,0.0038
null_loo,20M,dense,finemath,2,0.2062,-0.02673,0.0196
null_loo,20M,dense,finemath,3,0.6447,-0.08161,0.0504
null_loo,20M,dense,finemath,4,1.319,-0.13249,0.0803
null_loo,20M,dense,finemath,5,2.138,-0.10755,0.1072
null_loo,20M,dense,finemath,6,3.0598,-0.05271,0.1247
null_loo,20M,dense,finemath,7,4.0776,-0.01412,0.1366
null_loo,20M,dense,finemath,8,5.2352,0.02621,0.1504
null_loo,20M,dense,finemath,9,6.7448,0.05148,0.1624
null_loo,20M,dense,finemath,10,10.576,-0.09838,0.1647
looped_vs_dense,80M,middle_r4,code,1,0.0224,0.01158,0.0036
looped_vs_dense,80M,middle_r4,code,2,0.1122,0.05722,0.0172
looped_vs_dense,80M,middle_r4,code,3,0.2725,0.08262,0.0367
looped_vs_dense,80M,middle_r4,code,4,0.6266,0.05449,0.0739
looped_vs_dense,80M,middle_r4,code,5,1.2762,-0.13965,0.1198
looped_vs_dense,80M,middle_r4,code,6,2.1247,-0.27642,0.1452
looped_vs_dense,80M,middle_r4,code,7,3.2308,0.1621,0.1964
looped_vs_dense,80M,middle_r4,code,8,4.6233,0.10857,0.1613
looped_vs_dense,80M,middle_r4,code,9,6.7103,-0.1549,0.135
looped_vs_dense,80M,middle_r4,code,10,13.9174,-0.2862,0.111
looped_vs_dense,80M,middle_r8,code,1,0.0201,0.01169,0.0028
looped_vs_dense,80M,middle_r8,code,2,0.0778,0.07185,0.0142
looped_vs_dense,80M,middle_r8,code,3,0.1625,0.12794,0.0268
looped_vs_dense,80M,middle_r8,code,4,0.3902,0.24016,0.057
looped_vs_dense,80M,middle_r8,code,5,0.9318,0.47829,0.1221
looped_vs_dense,80M,middle_r8,code,6,1.83,0.71671,0.1864
looped_vs_dense,80M,middle_r8,code,7,3.0306,0.69706,0.2022
looped_vs_dense,80M,middle_r8,code,8,4.5175,0.34184,0.1549
looped_vs_dense,80M,middle_r8,code,9,6.6087,0.04975,0.1237
looped_vs_dense,80M,middle_r8,code,10,13.7843,0.00097,0.11
looped_vs_dense,80M,whole_r8,code,1,0.0204,0.01141,0.0026
looped_vs_dense,80M,whole_r8,code,2,0.0929,0.05175,0.0107
looped_vs_dense,80M,whole_r8,code,3,0.2012,0.08335,0.0208
looped_vs_dense,80M,whole_r8,code,4,0.4312,0.16164,0.0471
looped_vs_dense,80M,whole_r8,code,5,0.9616,0.38569,0.1039
looped_vs_dense,80M,whole_r8,code,6,1.864,0.62731,0.1594
looped_vs_dense,80M,whole_r8,code,7,3.05,0.70795,0.1855
looped_vs_dense,80M,whole_r8,code,8,4.5243,0.35203,0.1469
looped_vs_dense,80M,whole_r8,code,9,6.639,0.00093,0.1164
looped_vs_dense,80M,whole_r8,code,10,13.4918,0.50976,0.2067
looped_vs_dense,80M,whole_r8_k4,code,1,0.0267,0.00485,0.0023
looped_vs_dense,80M,whole_r8_k4,code,2,0.1151,0.01916,0.0081
looped_vs_dense,80M,whole_r8_k4,code,3,0.2273,0.03121,0.0167
looped_vs_dense,80M,whole_r8_k4,code,4,0.4759,0.10829,0.0432
looped_vs_dense,80M,whole_r8_k4,code,5,1.0558,0.27336,0.0944
looped_vs_dense,80M,whole_r8_k4,code,6,2.016,0.38579,0.1358
looped_vs_dense,80M,whole_r8_k4,code,7,3.2674,0.3157,0.1449
looped_vs_dense,80M,whole_r8_k4,code,8,4.7651,-0.08793,0.1224
looped_vs_dense,80M,whole_r8_k4,code,9,6.8958,-0.59293,0.0944
looped_vs_dense,80M,whole_r8_k4,code,10,13.1549,0.99341,0.3379
looped_vs_dense,40M,middle_r8,code,1,0.0457,0.0268,0.006
looped_vs_dense,40M,middle_r8,code,2,0.1581,0.11505,0.0227
looped_vs_dense,40M,middle_r8,code,3,0.3339,0.22056,0.0461
looped_vs_dense,40M,middle_r8,code,4,0.6917,0.53762,0.11
looped_vs_dense,40M,middle_r8,code,5,1.3148,0.73216,0.156
looped_vs_dense,40M,middle_r8,code,6,2.2599,0.80783,0.1799
looped_vs_dense,40M,middle_r8,code,7,3.4109,0.55457,0.1472
looped_vs_dense,40M,middle_r8,code,8,4.8941,0.28458,0.1103
looped_vs_dense,40M,middle_r8,code,9,7.0394,0.17199,0.0994
looped_vs_dense,40M,middle_r8,code,10,13.9287,0.24615,0.1223
null_pairwise,40M,dense,code,1,0.0476,0.00116,0.0019
null_pairwise,40M,dense,code,2,0.2066,0.03323,0.0075
null_pairwise,40M,dense,code,3,0.4271,0.16624,0.0236
null_pairwise,40M,dense,code,4,0.9526,0.52923,0.0674
null_pairwise,40M,dense,code,5,1.8021,1.23959,0.1388
null_pairwise,40M,dense,code,6,2.8165,1.3741,0.1585
null_pairwise,40M,dense,code,7,3.974,1.55966,0.1769
null_pairwise,40M,dense,code,8,5.2747,1.51217,0.1801
null_pairwise,40M,dense,code,9,7.2867,0.71139,0.1185
null_pairwise,40M,dense,code,10,13.9456,0.7772,0.1269
null_pairwise,40M,dense,code,1,0.0473,0.00518,0.0023
null_pairwise,40M,dense,code,2,0.1973,0.06058,0.0102
null_pairwise,40M,dense,code,3,0.4376,0.16667,0.0278
null_pairwise,40M,dense,code,4,0.991,0.48526,0.0736
null_pairwise,40M,dense,code,5,1.8524,1.11671,0.1454
null_pairwise,40M,dense,code,6,2.8575,1.32541,0.173
null_pairwise,40M,dense,code,7,4.0352,1.38241,0.1865
null_pairwise,40M,dense,code,8,5.333,1.34626,0.1899
null_pairwise,40M,dense,code,9,7.3123,0.66517,0.1268
null_pairwise,40M,dense,code,10,14.4318,-0.1644,0.0645
null_loo,40M,dense,code,1,0.0522,-0.00664,0.0017
null_loo,40M,dense,code,2,0.2085,0.03119,0.0079
null_loo,40M,dense,code,3,0.4438,0.13872,0.0249
null_loo,40M,dense,code,4,0.9868,0.43078,0.0676
null_loo,40M,dense,code,5,1.8411,1.10806,0.1396
null_loo,40M,dense,code,6,2.8465,1.29065,0.1638
null_loo,40M,dense,code,7,4.0106,1.42287,0.1795
null_loo,40M,dense,code,8,5.2856,1.53887,0.194
null_loo,40M,dense,code,9,7.2782,0.78759,0.1276
null_loo,40M,dense,code,10,14.1635,0.40421,0.0933
null_pairwise,40M,dense,code,1,0.0304,0.00268,0.0041
null_pairwise,40M,dense,code,2,0.1289,0.0177,0.014
null_pairwise,40M,dense,code,3,0.2358,0.01885,0.0236
null_pairwise,40M,dense,code,4,0.4717,-0.03454,0.0452
null_pairwise,40M,dense,code,5,1.0891,-0.13062,0.0965
null_pairwise,40M,dense,code,6,2.1071,-0.08628,0.1487
null_pairwise,40M,dense,code,7,3.3995,-0.16404,0.1633
null_pairwise,40M,dense,code,8,4.9077,-0.14171,0.1697
null_pairwise,40M,dense,code,9,7.0871,-0.04249,0.188
null_pairwise,40M,dense,code,10,14.0826,-0.95354,0.1469
null_loo,40M,dense,code,1,0.0511,-0.01225,0.0052
null_loo,40M,dense,code,2,0.1967,-0.03569,0.0152
null_loo,40M,dense,code,3,0.3896,-0.16712,0.0244
null_loo,40M,dense,code,4,0.8101,-0.57995,0.0425
null_loo,40M,dense,code,5,1.4834,-0.93556,0.0743
null_loo,40M,dense,code,6,2.4526,-1.02966,0.1087
null_loo,40M,dense,code,7,3.6082,-0.73145,0.1339
null_loo,40M,dense,code,8,5.0225,-0.36333,0.1705
null_loo,40M,dense,code,9,7.1437,-0.13367,0.2161
null_loo,40M,dense,code,10,13.9799,-0.72007,0.2092
null_loo,40M,dense,code,1,0.0503,-0.017,0.0036
null_loo,40M,dense,code,2,0.1904,-0.0735,0.0073
null_loo,40M,dense,code,3,0.3907,-0.16726,0.0197
null_loo,40M,dense,code,4,0.8241,-0.50608,0.0415
null_loo,40M,dense,code,5,1.5133,-0.75485,0.07
null_loo,40M,dense,code,6,2.4667,-0.93312,0.0911
null_loo,40M,dense,code,7,3.6532,-0.47927,0.1227
null_loo,40M,dense,code,8,5.0542,-0.15009,0.1632
null_loo,40M,dense,code,9,7.1542,-0.07144,0.1658
null_loo,40M,dense,code,10,14.2219,0.71497,0.3153
looped_vs_dense,20M,middle_r8,code,1,0.0345,0.00448,0.0042
looped_vs_dense,20M,middle_r8,code,2,0.1194,0.04829,0.0196
looped_vs_dense,20M,middle_r8,code,3,0.2775,0.10572,0.0461
looped_vs_dense,20M,middle_r8,code,4,0.6188,0.20347,0.0975
looped_vs_dense,20M,middle_r8,code,5,1.2636,0.24451,0.1456
looped_vs_dense,20M,middle_r8,code,6,2.3033,0.29956,0.1752
looped_vs_dense,20M,middle_r8,code,7,3.6057,0.11851,0.1498
looped_vs_dense,20M,middle_r8,code,8,5.1131,0.06304,0.1363
looped_vs_dense,20M,middle_r8,code,9,7.2934,0.04878,0.1363
looped_vs_dense,20M,middle_r8,code,10,14.4903,-1.13842,0.0895
null_pairwise,20M,dense,code,1,0.0269,-0.0011,0.0023
null_pairwise,20M,dense,code,2,0.1159,-0.01892,0.0076
null_pairwise,20M,dense,code,3,0.2858,-0.04483,0.0208
null_pairwise,20M,dense,code,4,0.6825,-0.09494,0.0547
null_pairwise,20M,dense,code,5,1.4169,-0.21879,0.0955
null_pairwise,20M,dense,code,6,2.449,-0.30293,0.1216
null_pairwise,20M,dense,code,7,3.7092,-0.14839,0.1328
null_pairwise,20M,dense,code,8,5.2315,-0.09598,0.1407
null_pairwise,20M,dense,code,9,7.3768,-0.0313,0.1531
null_pairwise,20M,dense,code,10,14.7121,0.57564,0.2709
null_pairwise,20M,dense,code,1,0.027,-0.00201,0.0016
null_pairwise,20M,dense,code,2,0.1136,-0.02399,0.0046
null_pairwise,20M,dense,code,3,0.2445,-0.0086,0.0133
null_pairwise,20M,dense,code,4,0.5483,0.06997,0.0408
null_pairwise,20M,dense,code,5,1.2302,0.14152,0.0826
null_pairwise,20M,dense,code,6,2.3468,0.0799,0.1026
null_pairwise,20M,dense,code,7,3.664,-0.0121,0.1003
null_pairwise,20M,dense,code,8,5.2061,-0.09112,0.1025
null_pairwise,20M,dense,code,9,7.3836,-0.03045,0.1087
null_pairwise,20M,dense,code,10,13.8093,2.35627,0.443
null_loo,20M,dense,code,1,0.0296,-0.00733,0.0016
null_loo,20M,dense,code,2,0.1228,-0.03967,0.0049
null_loo,20M,dense,code,3,0.2858,-0.0723,0.0144
null_loo,20M,dense,code,4,0.6481,-0.12478,0.0391
null_loo,20M,dense,code,5,1.3399,-0.18172,0.0718
null_loo,20M,dense,code,6,2.399,-0.09933,0.0996
null_loo,20M,dense,code,7,3.674,-0.08351,0.1119
null_loo,20M,dense,code,8,5.2003,0.01623,0.1213
null_loo,20M,dense,code,9,7.3616,0.05397,0.1338
null_loo,20M,dense,code,10,14.2322,1.58819,0.4015
null_pairwise,20M,dense,code,1,0.0272,-0.00025,0.0017
null_pairwise,20M,dense,code,2,0.1245,-0.00518,0.006
null_pairwise,20M,dense,code,3,0.2812,0.03381,0.0183
null_pairwise,20M,dense,code,4,0.6445,0.16574,0.0549
null_pairwise,20M,dense,code,5,1.3649,0.35867,0.1114
null_pairwise,20M,dense,code,6,2.4279,0.31483,0.1308
null_pairwise,20M,dense,code,7,3.7068,0.18673,0.1184
null_pairwise,20M,dense,code,8,5.2446,0.06416,0.1058
null_pairwise,20M,dense,code,9,7.4106,-0.03593,0.1068
null_pairwise,20M,dense,code,10,13.5246,1.77969,0.3457
null_loo,20M,dense,code,1,0.0299,-0.0056,0.0018
null_loo,20M,dense,code,2,0.1278,-0.00987,0.0072
null_loo,20M,dense,code,3,0.2987,0.0026,0.0221
null_loo,20M,dense,code,4,0.6805,0.05511,0.0602
null_loo,20M,dense,code,5,1.4061,0.19357,0.12
null_loo,20M,dense,code,6,2.4507,0.22115,0.1446
null_loo,20M,dense,code,7,3.7128,0.19726,0.1419
null_loo,20M,dense,code,8,5.2232,0.1395,0.1321
null_loo,20M,dense,code,9,7.3704,0.10328,0.1336
null_loo,20M,dense,code,10,14.0872,0.72475,0.2365
null_loo,20M,dense,code,1,0.03,-0.00486,0.0028
null_loo,20M,dense,code,2,0.1286,-0.00457,0.0115
null_loo,20M,dense,code,3,0.2867,-0.06479,0.0213
null_loo,20M,dense,code,4,0.6287,-0.2359,0.0411
null_loo,20M,dense,code,5,1.3087,-0.37089,0.0828
null_loo,20M,dense,code,6,2.3809,-0.2103,0.1369
null_loo,20M,dense,code,7,3.6775,-0.03947,0.1637
null_loo,20M,dense,code,8,5.2153,0.05742,0.1869
null_loo,20M,dense,code,9,7.375,0.15815,0.2158
null_loo,20M,dense,code,10,13.6415,-1.95642,0.1374
