kind,rung,cell,valset,n_seeds_dense,n_seeds_looped,n_tokens,mean_delta,frac_improved,p5,p25,p50,p75,p95,top10pct_share_of_gain
looped_vs_dense,80M,middle_r4,fwe,1,1,1999872,0.0296,0.5181,-1.3145,-0.3086,0.0042,0.3701,1.4004,0.5557
looped_vs_dense,80M,middle_r8,fwe,1,1,1999872,0.02386,0.5153,-1.3438,-0.3193,0.0035,0.3691,1.4062,0.5577
looped_vs_dense,80M,whole_r8,fwe,1,1,1999872,0.01221,0.5131,-1.332,-0.3203,0.0027,0.3506,1.3477,0.5601
looped_vs_dense,80M,whole_r8_k4,fwe,1,1,1999872,-0.03737,0.4807,-1.4922,-0.3984,-0.0044,0.3311,1.3672,0.5776
looped_vs_dense,40M,middle_r8,fwe,3,3,1999872,0.02461,0.5119,-0.8548,-0.2155,0.0027,0.2591,0.9395,0.5476
null_pairwise,40M,dense,fwe,1,1,1999872,-0.00291,0.4931,-1.3398,-0.3496,-0.0011,0.3418,1.3418,0.5649
null_pairwise,40M,dense,fwe,1,1,1999872,-0.0034,0.4955,-1.3496,-0.3516,-0.0006,0.3438,1.3477,0.5651
null_loo,40M,dense,fwe,1,2,1999872,-0.00315,0.4785,-1.1514,-0.3109,-0.0053,0.293,1.1777,0.5725
null_pairwise,40M,dense,fwe,1,1,1999872,-0.00049,0.5015,-1.3438,-0.3477,0.0002,0.3457,1.3438,0.5627
null_loo,40M,dense,fwe,1,2,1999872,0.00121,0.489,-1.1454,-0.3062,-0.0022,0.2969,1.1758,0.5683
null_loo,40M,dense,fwe,1,2,1999872,0.00194,0.4852,-1.1543,-0.3047,-0.0031,0.3003,1.1836,0.5681
looped_vs_dense,20M,middle_r8,fwe,3,3,1999872,0.01184,0.507,-0.8656,-0.2292,0.0017,0.2516,0.8997,0.5448
null_pairwise,20M,dense,fwe,1,1,1999872,0.01271,0.5078,-1.3438,-0.3486,0.0021,0.3711,1.38,0.5516
null_pairwise,20M,dense,fwe,1,1,1999872,0.01408,0.507,-1.3418,-0.3477,0.002,0.3721,1.3867,0.5524
null_loo,20M,dense,fwe,1,2,1999872,0.01339,0.4947,-1.1475,-0.308,-0.001,0.3208,1.2139,0.5583
null_pairwise,20M,dense,fwe,1,1,1999872,0.00137,0.4992,-1.3516,-0.3594,0.0,0.3594,1.3594,0.5569
null_loo,20M,dense,fwe,1,2,1999872,-0.00567,0.4804,-1.168,-0.3242,-0.0059,0.3018,1.1836,0.5668
null_loo,20M,dense,fwe,1,2,1999872,-0.00772,0.4811,-1.1758,-0.3242,-0.0057,0.3008,1.1758,0.5661
looped_vs_dense,80M,middle_r4,second,1,1,1999872,0.02851,0.5213,-1.7207,-0.3867,0.0066,0.4414,1.7451,0.5807
looped_vs_dense,80M,middle_r8,second,1,1,1999872,0.08471,0.5447,-1.5,-0.332,0.0229,0.4531,1.7617,0.5691
looped_vs_dense,80M,whole_r8,second,1,1,1999872,0.08486,0.5378,-1.498,-0.3398,0.0156,0.4453,1.7812,0.5833
looped_vs_dense,80M,whole_r8_k4,second,1,1,1999872,0.02409,0.5021,-1.6875,-0.418,0.0003,0.4199,1.7617,0.5997
looped_vs_dense,40M,middle_r8,second,3,3,1999872,0.06705,0.5411,-0.9661,-0.2305,0.0191,0.3281,1.182,0.5512
null_pairwise,40M,dense,second,1,1,1999872,0.02763,0.5028,-1.5547,-0.3906,0.0007,0.4219,1.6582,0.5729
null_pairwise,40M,dense,second,1,1,1999872,-0.00703,0.504,-1.6719,-0.4121,0.001,0.418,1.6465,0.5732
null_loo,40M,dense,second,1,2,1999872,0.0103,0.4863,-1.3981,-0.3614,-0.0038,0.3594,1.4636,0.5846
null_pairwise,40M,dense,second,1,1,1999872,-0.03466,0.4992,-1.6553,-0.4121,0.0,0.375,1.5146,0.5718
null_loo,40M,dense,second,1,2,1999872,-0.03114,0.4747,-1.4082,-0.3828,-0.0098,0.3215,1.3301,0.5809
null_loo,40M,dense,second,1,2,1999872,0.02084,0.4781,-1.3477,-0.3628,-0.0074,0.3525,1.4707,0.5968
looped_vs_dense,20M,middle_r8,second,3,3,1999872,0.02316,0.518,-1.0169,-0.2552,0.0069,0.2956,1.0742,0.5563
null_pairwise,20M,dense,second,1,1,1999872,0.01838,0.5052,-1.5898,-0.4043,0.0017,0.418,1.6172,0.5764
null_pairwise,20M,dense,second,1,1,1999872,0.04569,0.5102,-1.5156,-0.3779,0.0039,0.4336,1.6836,0.5719
null_loo,20M,dense,second,1,2,1999872,0.03203,0.4922,-1.3164,-0.3498,-0.0021,0.3662,1.4531,0.5835
null_pairwise,20M,dense,second,1,1,1999872,0.02731,0.5017,-1.5452,-0.3906,0.0005,0.4258,1.6641,0.5692
null_loo,20M,dense,second,1,2,1999872,0.00447,0.4817,-1.3496,-0.3604,-0.0063,0.3555,1.4358,0.5775
null_loo,20M,dense,second,1,2,1999872,-0.0365,0.4748,-1.4355,-0.3904,-0.0103,0.3242,1.3262,0.5803
looped_vs_dense,80M,middle_r4,finemath,1,1,1999872,0.17305,0.5653,-1.5664,-0.2918,0.0294,0.5273,2.1826,0.5918
looped_vs_dense,80M,middle_r8,finemath,1,1,1999872,0.1691,0.5662,-1.5625,-0.2914,0.0303,0.5352,2.1719,0.583
looped_vs_dense,80M,whole_r8,finemath,1,1,1999872,0.18177,0.5739,-1.6133,-0.293,0.0322,0.5334,2.3047,0.6017
looped_vs_dense,80M,whole_r8_k4,finemath,1,1,1999872,0.11367,0.5165,-1.7873,-0.3984,0.0048,0.4784,2.2422,0.6291
looped_vs_dense,40M,middle_r8,finemath,3,3,1999872,0.11153,0.5608,-1.0435,-0.2144,0.0275,0.3757,1.4674,0.5649
null_pairwise,40M,dense,finemath,1,1,1999872,-0.00419,0.4875,-1.75,-0.4072,-0.0029,0.4062,1.7607,0.5845
null_pairwise,40M,dense,finemath,1,1,1999872,-0.11561,0.4764,-2.1328,-0.4844,-0.008,0.3682,1.6719,0.5996
null_loo,40M,dense,finemath,1,2,1999872,-0.0599,0.4586,-1.6836,-0.4101,-0.0157,0.3292,1.4917,0.5972
null_pairwise,40M,dense,finemath,1,1,1999872,-0.11141,0.4832,-2.168,-0.498,-0.0056,0.3594,1.6553,0.6047
null_loo,40M,dense,finemath,1,2,1999872,-0.05361,0.4708,-1.666,-0.4167,-0.0102,0.3145,1.4526,0.606
null_loo,40M,dense,finemath,1,2,1999872,0.11351,0.5026,-1.418,-0.3262,0.0007,0.4297,1.9492,0.6149
looped_vs_dense,20M,middle_r8,finemath,3,3,1999872,0.02827,0.5208,-1.1439,-0.2617,0.0069,0.3137,1.2188,0.5693
null_pairwise,20M,dense,finemath,1,1,1999872,0.07187,0.5173,-1.6895,-0.3799,0.0056,0.4551,1.8906,0.6041
null_pairwise,20M,dense,finemath,1,1,1999872,0.0799,0.5096,-1.6484,-0.375,0.0029,0.4688,2.0,0.5929
null_loo,20M,dense,finemath,1,2,1999872,0.07589,0.4964,-1.4189,-0.3367,-0.0008,0.4014,1.7168,0.6086
null_pairwise,20M,dense,finemath,1,1,1999872,0.00803,0.4928,-1.7295,-0.4115,-0.0015,0.4062,1.8047,0.595
null_loo,20M,dense,finemath,1,2,1999872,-0.03192,0.4634,-1.5449,-0.3916,-0.0129,0.3337,1.5339,0.605
null_loo,20M,dense,finemath,1,2,1999872,-0.04397,0.4756,-1.6228,-0.3998,-0.0078,0.3281,1.4521,0.5953
looped_vs_dense,80M,middle_r4,code,1,1,1999872,-0.03807,0.5415,-2.7266,-0.5347,0.0161,0.4876,2.3196,0.6064
looped_vs_dense,80M,middle_r8,code,1,1,1999872,0.27359,0.6573,-1.7109,-0.1421,0.0966,0.6387,2.6836,0.5635
looped_vs_dense,80M,whole_r8,code,1,1,1999872,0.28919,0.6194,-1.875,-0.205,0.0635,0.689,3.0547,0.582
looped_vs_dense,80M,whole_r8_k4,code,1,1,1999872,0.14506,0.5344,-2.4297,-0.3811,0.0128,0.5568,3.1895,0.6632
looped_vs_dense,40M,middle_r8,code,3,3,1999872,0.36973,0.6856,-1.1602,-0.0749,0.1628,0.8106,2.3311,0.4605
null_pairwise,40M,dense,code,1,1,1999872,0.79035,0.6387,-1.8301,-0.1414,0.1898,1.4999,4.7887,0.4962
null_pairwise,40M,dense,code,1,1,1999872,0.63892,0.628,-2.0156,-0.2185,0.141,1.2461,4.6229,0.5314
null_loo,40M,dense,code,1,2,1999872,0.71463,0.6246,-1.6406,-0.1581,0.1551,1.2969,4.5648,0.5211
null_pairwise,40M,dense,code,1,1,1999872,-0.15143,0.4949,-2.6875,-0.4961,-0.0013,0.2969,1.8457,0.6367
null_loo,40M,dense,code,1,2,1999872,-0.47089,0.3562,-3.2266,-1.0508,-0.1465,0.1254,1.5645,0.7241
null_loo,40M,dense,code,1,2,1999872,-0.24374,0.3786,-2.668,-0.8066,-0.0972,0.25,2.1035,0.6812
looped_vs_dense,20M,middle_r8,code,3,3,1999872,-0.00022,0.5552,-1.8854,-0.3102,0.0278,0.412,1.7194,0.5765
null_pairwise,20M,dense,code,1,1,1999872,-0.03813,0.4667,-2.457,-0.5615,-0.0119,0.4528,2.4062,0.6256
null_pairwise,20M,dense,code,1,1,1999872,0.24812,0.5134,-2.0463,-0.3276,0.0043,0.6055,3.1562,0.6531
null_loo,20M,dense,code,1,2,1999872,0.105,0.4576,-1.8562,-0.418,-0.0155,0.4453,2.5117,0.6583
null_pairwise,20M,dense,code,1,1,1999872,0.28625,0.5505,-2.002,-0.2969,0.0245,0.73,3.344,0.596
null_loo,20M,dense,code,1,2,1999872,0.16219,0.5257,-1.75,-0.321,0.0105,0.5941,2.4238,0.5671
null_loo,20M,dense,code,1,2,1999872,-0.26719,0.4324,-2.8154,-0.6334,-0.0323,0.245,1.7734,0.6759
