run,rung,cell,valset,n_tokens,mean_delta,frac_improved,p5,p25,p50,p75,p95,top10pct_share_of_gain,top1pct_share_of_gain
80M_middle_r4_full_s42,80M,middle_r4,fwe,1999872,0.0296,0.5181,-1.3145,-0.3086,0.0042,0.3701,1.4004,0.5557,0.1112
80M_middle_r4_full_s42,80M,middle_r4,second,1999872,0.02851,0.5213,-1.7207,-0.3867,0.0066,0.4414,1.7451,0.5807,0.1373
80M_middle_r4_full_s42,80M,middle_r4,finemath,1999872,0.17305,0.5653,-1.5664,-0.2918,0.0294,0.5273,2.1826,0.5918,0.1424
80M_middle_r4_full_s42,80M,middle_r4,code,1999872,-0.03807,0.5415,-2.7266,-0.5347,0.0161,0.4876,2.3196,0.6064,0.1312
80M_middle_r8_full_s42,80M,middle_r8,fwe,1999872,0.02386,0.5153,-1.3438,-0.3193,0.0035,0.3691,1.4062,0.5577,0.1121
80M_middle_r8_full_s42,80M,middle_r8,second,1999872,0.08471,0.5447,-1.5,-0.332,0.0229,0.4531,1.7617,0.5691,0.13
80M_middle_r8_full_s42,80M,middle_r8,finemath,1999872,0.1691,0.5662,-1.5625,-0.2914,0.0303,0.5352,2.1719,0.583,0.1351
80M_middle_r8_full_s42,80M,middle_r8,code,1999872,0.27359,0.6573,-1.7109,-0.1421,0.0966,0.6387,2.6836,0.5635,0.1117
80M_whole_r8_full_s42,80M,whole_r8,fwe,1999872,0.01221,0.5131,-1.332,-0.3203,0.0027,0.3506,1.3477,0.5601,0.1132
80M_whole_r8_full_s42,80M,whole_r8,second,1999872,0.08486,0.5378,-1.498,-0.3398,0.0156,0.4453,1.7812,0.5833,0.1386
80M_whole_r8_full_s42,80M,whole_r8,finemath,1999872,0.18177,0.5739,-1.6133,-0.293,0.0322,0.5334,2.3047,0.6017,0.1404
80M_whole_r8_full_s42,80M,whole_r8,code,1999872,0.28919,0.6194,-1.875,-0.205,0.0635,0.689,3.0547,0.582,0.1158
80M_whole_r8_k4_s42,80M,whole_r8_k4,fwe,1999872,-0.03737,0.4807,-1.4922,-0.3984,-0.0044,0.3311,1.3672,0.5776,0.1158
80M_whole_r8_k4_s42,80M,whole_r8_k4,second,1999872,0.02409,0.5021,-1.6875,-0.418,0.0003,0.4199,1.7617,0.5997,0.1483
80M_whole_r8_k4_s42,80M,whole_r8_k4,finemath,1999872,0.11367,0.5165,-1.7873,-0.3984,0.0048,0.4784,2.2422,0.6291,0.1547
80M_whole_r8_k4_s42,80M,whole_r8_k4,code,1999872,0.14506,0.5344,-2.4297,-0.3811,0.0128,0.5568,3.1895,0.6632,0.1443
40M_middle_r8_full_s42,40M,middle_r8,fwe,1999872,0.02456,0.5052,-1.375,-0.3457,0.0011,0.3906,1.4688,0.5557,0.1104
40M_middle_r8_full_s42,40M,middle_r8,second,1999872,0.06997,0.5282,-1.5742,-0.373,0.014,0.4798,1.8047,0.5597,0.1222
40M_middle_r8_full_s42,40M,middle_r8,finemath,1999872,0.07987,0.5364,-1.6904,-0.3516,0.0146,0.499,1.9688,0.5646,0.1149
40M_middle_r8_full_s42,40M,middle_r8,code,1999872,0.74021,0.6695,-2.0156,-0.127,0.2147,1.4208,4.7695,0.5015,0.0907
20M_middle_r8_full_s42,20M,middle_r8,fwe,1999872,0.02601,0.5104,-1.3828,-0.3555,0.0035,0.4023,1.4658,0.548,0.1096
20M_middle_r8_full_s42,20M,middle_r8,second,1999872,0.05467,0.5261,-1.5781,-0.3828,0.0137,0.4707,1.748,0.5572,0.1195
20M_middle_r8_full_s42,20M,middle_r8,finemath,1999872,0.11933,0.545,-1.6582,-0.3436,0.0216,0.5391,2.0898,0.5661,0.1217
20M_middle_r8_full_s42,20M,middle_r8,code,1999872,0.15534,0.5751,-2.332,-0.3491,0.04,0.656,2.8105,0.5829,0.1215
