run,rung,cell,valset,r_train,loss_r1,loss_r2,loss_r4,loss_r8,loss_r16,extra_loop_mean_delta,extra_loop_frac_improved,spearman_extra_vs_dense_gain
80M_middle_r4_full_s42,80M,middle_r4,fwe,4,7.12279,5.9425,3.07907,5.88663,6.28318,-3.20411,0.0991,-0.1153
80M_middle_r4_full_s42,80M,middle_r4,second,4,7.25692,6.2464,3.393,5.90942,6.20999,-2.81699,0.1353,-0.1806
80M_middle_r4_full_s42,80M,middle_r4,finemath,4,6.77931,5.76855,3.06311,5.38104,5.9568,-2.89368,0.1302,-0.1931
80M_middle_r4_full_s42,80M,middle_r4,code,4,7.25349,6.42977,3.31084,5.38976,5.94954,-2.6387,0.186,-0.2889
80M_middle_r8_full_s42,80M,middle_r8,fwe,8,6.25387,5.19737,4.11372,3.08481,5.20916,-2.12435,0.151,-0.129
80M_middle_r8_full_s42,80M,middle_r8,second,8,6.58101,5.56282,4.56911,3.33681,5.57301,-2.23621,0.157,-0.1431
80M_middle_r8_full_s42,80M,middle_r8,finemath,8,6.61628,5.53865,4.47305,3.06706,5.39453,-2.32747,0.1543,-0.1671
80M_middle_r8_full_s42,80M,middle_r8,code,8,7.28749,6.18493,5.05017,2.99918,5.37501,-2.37583,0.138,-0.101
80M_whole_r8_full_s42,80M,whole_r8,fwe,8,8.51123,7.47378,6.84306,3.09647,7.96868,-4.87221,0.0396,-0.1604
80M_whole_r8_full_s42,80M,whole_r8,second,8,8.49204,7.67807,7.09579,3.33666,7.91228,-4.57562,0.0568,-0.1752
80M_whole_r8_full_s42,80M,whole_r8,finemath,8,8.44865,7.67628,7.05696,3.05439,7.79307,-4.73868,0.0612,-0.2051
80M_whole_r8_full_s42,80M,whole_r8,code,8,8.26853,7.69332,7.21245,2.98358,7.4856,-4.50202,0.0907,-0.1261
80M_whole_r8_k4_s42,80M,whole_r8_k4,fwe,8,5.20176,4.60017,3.7297,3.67285,3.76547,-0.09262,0.31,0.1425
80M_whole_r8_k4_s42,80M,whole_r8_k4,second,8,5.40614,4.93162,4.15986,4.18613,4.34046,-0.15433,0.275,0.1929
80M_whole_r8_k4_s42,80M,whole_r8_k4,finemath,8,5.15883,4.65112,3.83869,3.85773,4.01087,-0.15314,0.252,0.1661
80M_whole_r8_k4_s42,80M,whole_r8_k4,code,8,5.93103,5.54537,4.51258,4.7126,4.99041,-0.2778,0.234,0.1196
40M_middle_r8_full_s42,40M,middle_r8,fwe,8,5.88326,4.98352,4.1927,3.26859,5.72774,-2.45915,0.1585,-0.1089
40M_middle_r8_full_s42,40M,middle_r8,second,8,6.17062,5.44416,4.72027,3.53758,6.2905,-2.75292,0.1517,-0.1195
40M_middle_r8_full_s42,40M,middle_r8,finemath,8,6.04257,5.33993,4.50018,3.25778,6.34797,-3.09019,0.1411,-0.1318
40M_middle_r8_full_s42,40M,middle_r8,code,8,7.03336,6.39182,5.56809,3.3289,7.16104,-3.83214,0.1171,0.0331
20M_middle_r8_full_s42,20M,middle_r8,fwe,8,4.74346,4.23088,3.73069,3.45266,4.19101,-0.73835,0.2864,-0.0907
20M_middle_r8_full_s42,20M,middle_r8,second,8,4.9125,4.5162,4.03455,3.69452,4.54865,-0.85413,0.2778,-0.1214
20M_middle_r8_full_s42,20M,middle_r8,finemath,8,4.5757,4.25306,3.72637,3.34228,4.21275,-0.87047,0.2648,-0.1782
20M_middle_r8_full_s42,20M,middle_r8,code,8,4.85702,4.66468,4.02456,3.42663,4.44571,-1.01908,0.2556,-0.1539
