run,rung,cell,r_train,r_eval,valset,mean_loss,n_tokens
80M_dense_r1_s42,80M,dense,1,1,fwe,3.05469,1999872
80M_dense_r1_s42,80M,dense,1,1,second,3.33376,1999872
80M_dense_r1_s42,80M,dense,1,1,finemath,3.09517,1999872
80M_dense_r1_s42,80M,dense,1,1,code,3.12237,1999872
80M_middle_r4_full_s42,80M,middle_r4,4,1,fwe,7.12279,1999872
80M_middle_r4_full_s42,80M,middle_r4,4,2,fwe,5.9425,1999872
80M_middle_r4_full_s42,80M,middle_r4,4,4,fwe,3.07907,1999872
80M_middle_r4_full_s42,80M,middle_r4,4,8,fwe,5.88663,1999872
80M_middle_r4_full_s42,80M,middle_r4,4,16,fwe,6.28318,1999872
80M_middle_r4_full_s42,80M,middle_r4,4,1,second,7.25692,1999872
80M_middle_r4_full_s42,80M,middle_r4,4,2,second,6.2464,1999872
80M_middle_r4_full_s42,80M,middle_r4,4,4,second,3.393,1999872
80M_middle_r4_full_s42,80M,middle_r4,4,8,second,5.90942,1999872
80M_middle_r4_full_s42,80M,middle_r4,4,16,second,6.20999,1999872
80M_middle_r4_full_s42,80M,middle_r4,4,1,finemath,6.77931,1999872
80M_middle_r4_full_s42,80M,middle_r4,4,2,finemath,5.76855,1999872
80M_middle_r4_full_s42,80M,middle_r4,4,4,finemath,3.06311,1999872
80M_middle_r4_full_s42,80M,middle_r4,4,8,finemath,5.38104,1999872
80M_middle_r4_full_s42,80M,middle_r4,4,16,finemath,5.9568,1999872
80M_middle_r4_full_s42,80M,middle_r4,4,1,code,7.25349,1999872
80M_middle_r4_full_s42,80M,middle_r4,4,2,code,6.42977,1999872
80M_middle_r4_full_s42,80M,middle_r4,4,4,code,3.31084,1999872
80M_middle_r4_full_s42,80M,middle_r4,4,8,code,5.38976,1999872
80M_middle_r4_full_s42,80M,middle_r4,4,16,code,5.94954,1999872
80M_middle_r8_full_s42,80M,middle_r8,8,1,fwe,6.25387,1999872
80M_middle_r8_full_s42,80M,middle_r8,8,2,fwe,5.19737,1999872
80M_middle_r8_full_s42,80M,middle_r8,8,4,fwe,4.11372,1999872
80M_middle_r8_full_s42,80M,middle_r8,8,8,fwe,3.08481,1999872
80M_middle_r8_full_s42,80M,middle_r8,8,16,fwe,5.20916,1999872
80M_middle_r8_full_s42,80M,middle_r8,8,1,second,6.58101,1999872
80M_middle_r8_full_s42,80M,middle_r8,8,2,second,5.56282,1999872
80M_middle_r8_full_s42,80M,middle_r8,8,4,second,4.56911,1999872
80M_middle_r8_full_s42,80M,middle_r8,8,8,second,3.33681,1999872
80M_middle_r8_full_s42,80M,middle_r8,8,16,second,5.57301,1999872
80M_middle_r8_full_s42,80M,middle_r8,8,1,finemath,6.61628,1999872
80M_middle_r8_full_s42,80M,middle_r8,8,2,finemath,5.53865,1999872
80M_middle_r8_full_s42,80M,middle_r8,8,4,finemath,4.47305,1999872
80M_middle_r8_full_s42,80M,middle_r8,8,8,finemath,3.06706,1999872
80M_middle_r8_full_s42,80M,middle_r8,8,16,finemath,5.39453,1999872
80M_middle_r8_full_s42,80M,middle_r8,8,1,code,7.28749,1999872
80M_middle_r8_full_s42,80M,middle_r8,8,2,code,6.18493,1999872
80M_middle_r8_full_s42,80M,middle_r8,8,4,code,5.05017,1999872
80M_middle_r8_full_s42,80M,middle_r8,8,8,code,2.99918,1999872
80M_middle_r8_full_s42,80M,middle_r8,8,16,code,5.37501,1999872
80M_whole_r8_full_s42,80M,whole_r8,8,1,fwe,8.51123,1999872
80M_whole_r8_full_s42,80M,whole_r8,8,2,fwe,7.47378,1999872
80M_whole_r8_full_s42,80M,whole_r8,8,4,fwe,6.84306,1999872
80M_whole_r8_full_s42,80M,whole_r8,8,8,fwe,3.09647,1999872
80M_whole_r8_full_s42,80M,whole_r8,8,16,fwe,7.96868,1999872
80M_whole_r8_full_s42,80M,whole_r8,8,1,second,8.49204,1999872
80M_whole_r8_full_s42,80M,whole_r8,8,2,second,7.67807,1999872
80M_whole_r8_full_s42,80M,whole_r8,8,4,second,7.09579,1999872
80M_whole_r8_full_s42,80M,whole_r8,8,8,second,3.33666,1999872
80M_whole_r8_full_s42,80M,whole_r8,8,16,second,7.91228,1999872
80M_whole_r8_full_s42,80M,whole_r8,8,1,finemath,8.44865,1999872
80M_whole_r8_full_s42,80M,whole_r8,8,2,finemath,7.67628,1999872
80M_whole_r8_full_s42,80M,whole_r8,8,4,finemath,7.05696,1999872
80M_whole_r8_full_s42,80M,whole_r8,8,8,finemath,3.05439,1999872
80M_whole_r8_full_s42,80M,whole_r8,8,16,finemath,7.79307,1999872
80M_whole_r8_full_s42,80M,whole_r8,8,1,code,8.26853,1999872
80M_whole_r8_full_s42,80M,whole_r8,8,2,code,7.69332,1999872
80M_whole_r8_full_s42,80M,whole_r8,8,4,code,7.21245,1999872
80M_whole_r8_full_s42,80M,whole_r8,8,8,code,2.98358,1999872
80M_whole_r8_full_s42,80M,whole_r8,8,16,code,7.4856,1999872
80M_whole_r8_k4_s42,80M,whole_r8_k4,8,1,fwe,5.20176,1999872
80M_whole_r8_k4_s42,80M,whole_r8_k4,8,2,fwe,4.60017,1999872
80M_whole_r8_k4_s42,80M,whole_r8_k4,8,4,fwe,3.7297,1999872
80M_whole_r8_k4_s42,80M,whole_r8_k4,8,8,fwe,3.67285,1999872
80M_whole_r8_k4_s42,80M,whole_r8_k4,8,16,fwe,3.76547,1999872
80M_whole_r8_k4_s42,80M,whole_r8_k4,8,1,second,5.40614,1999872
80M_whole_r8_k4_s42,80M,whole_r8_k4,8,2,second,4.93162,1999872
80M_whole_r8_k4_s42,80M,whole_r8_k4,8,4,second,4.15986,1999872
80M_whole_r8_k4_s42,80M,whole_r8_k4,8,8,second,4.18613,1999872
80M_whole_r8_k4_s42,80M,whole_r8_k4,8,16,second,4.34046,1999872
80M_whole_r8_k4_s42,80M,whole_r8_k4,8,1,finemath,5.15883,1999872
80M_whole_r8_k4_s42,80M,whole_r8_k4,8,2,finemath,4.65112,1999872
80M_whole_r8_k4_s42,80M,whole_r8_k4,8,4,finemath,3.83869,1999872
80M_whole_r8_k4_s42,80M,whole_r8_k4,8,8,finemath,3.85773,1999872
80M_whole_r8_k4_s42,80M,whole_r8_k4,8,16,finemath,4.01087,1999872
80M_whole_r8_k4_s42,80M,whole_r8_k4,8,1,code,5.93103,1999872
80M_whole_r8_k4_s42,80M,whole_r8_k4,8,2,code,5.54537,1999872
80M_whole_r8_k4_s42,80M,whole_r8_k4,8,4,code,4.51258,1999872
80M_whole_r8_k4_s42,80M,whole_r8_k4,8,8,code,4.7126,1999872
80M_whole_r8_k4_s42,80M,whole_r8_k4,8,16,code,4.99041,1999872
40M_dense_r1_s42,40M,dense,1,1,fwe,3.22224,1999872
40M_dense_r1_s42,40M,dense,1,1,second,3.48483,1999872
40M_dense_r1_s42,40M,dense,1,1,finemath,3.21409,1999872
40M_dense_r1_s42,40M,dense,1,1,code,3.43844,1999872
40M_middle_r8_full_s42,40M,middle_r8,8,1,fwe,5.88326,1999872
40M_middle_r8_full_s42,40M,middle_r8,8,2,fwe,4.98352,1999872
40M_middle_r8_full_s42,40M,middle_r8,8,4,fwe,4.1927,1999872
40M_middle_r8_full_s42,40M,middle_r8,8,8,fwe,3.26859,1999872
40M_middle_r8_full_s42,40M,middle_r8,8,16,fwe,5.72774,1999872
40M_middle_r8_full_s42,40M,middle_r8,8,1,second,6.17062,1999872
40M_middle_r8_full_s42,40M,middle_r8,8,2,second,5.44416,1999872
40M_middle_r8_full_s42,40M,middle_r8,8,4,second,4.72027,1999872
40M_middle_r8_full_s42,40M,middle_r8,8,8,second,3.53758,1999872
40M_middle_r8_full_s42,40M,middle_r8,8,16,second,6.2905,1999872
40M_middle_r8_full_s42,40M,middle_r8,8,1,finemath,6.04257,1999872
40M_middle_r8_full_s42,40M,middle_r8,8,2,finemath,5.33993,1999872
40M_middle_r8_full_s42,40M,middle_r8,8,4,finemath,4.50018,1999872
40M_middle_r8_full_s42,40M,middle_r8,8,8,finemath,3.25778,1999872
40M_middle_r8_full_s42,40M,middle_r8,8,16,finemath,6.34797,1999872
40M_middle_r8_full_s42,40M,middle_r8,8,1,code,7.03336,1999872
40M_middle_r8_full_s42,40M,middle_r8,8,2,code,6.39182,1999872
40M_middle_r8_full_s42,40M,middle_r8,8,4,code,5.56809,1999872
40M_middle_r8_full_s42,40M,middle_r8,8,8,code,3.3289,1999872
40M_middle_r8_full_s42,40M,middle_r8,8,16,code,7.16104,1999872
20M_dense_r1_s42,20M,dense,1,1,fwe,3.40494,1999872
20M_dense_r1_s42,20M,dense,1,1,second,3.75879,1999872
20M_dense_r1_s42,20M,dense,1,1,finemath,3.47421,1999872
20M_dense_r1_s42,20M,dense,1,1,code,3.79642,1999872
20M_middle_r8_full_s42,20M,middle_r8,8,1,fwe,4.74346,1999872
20M_middle_r8_full_s42,20M,middle_r8,8,2,fwe,4.23088,1999872
20M_middle_r8_full_s42,20M,middle_r8,8,4,fwe,3.73069,1999872
20M_middle_r8_full_s42,20M,middle_r8,8,8,fwe,3.45266,1999872
20M_middle_r8_full_s42,20M,middle_r8,8,16,fwe,4.19101,1999872
20M_middle_r8_full_s42,20M,middle_r8,8,1,second,4.9125,1999872
20M_middle_r8_full_s42,20M,middle_r8,8,2,second,4.5162,1999872
20M_middle_r8_full_s42,20M,middle_r8,8,4,second,4.03455,1999872
20M_middle_r8_full_s42,20M,middle_r8,8,8,second,3.69452,1999872
20M_middle_r8_full_s42,20M,middle_r8,8,16,second,4.54865,1999872
20M_middle_r8_full_s42,20M,middle_r8,8,1,finemath,4.5757,1999872
20M_middle_r8_full_s42,20M,middle_r8,8,2,finemath,4.25306,1999872
20M_middle_r8_full_s42,20M,middle_r8,8,4,finemath,3.72637,1999872
20M_middle_r8_full_s42,20M,middle_r8,8,8,finemath,3.34228,1999872
20M_middle_r8_full_s42,20M,middle_r8,8,16,finemath,4.21275,1999872
20M_middle_r8_full_s42,20M,middle_r8,8,1,code,4.85702,1999872
20M_middle_r8_full_s42,20M,middle_r8,8,2,code,4.66468,1999872
20M_middle_r8_full_s42,20M,middle_r8,8,4,code,4.02456,1999872
20M_middle_r8_full_s42,20M,middle_r8,8,8,code,3.42663,1999872
20M_middle_r8_full_s42,20M,middle_r8,8,16,code,4.44571,1999872
